{
  "type": "FeatureCollection",
  "features": [
    {
      "type": "Feature",
      "properties": {
        "osmId": 41961998,
        "name": "JR宮島連絡船"
      },
      "geometry": {
        "type": "LineString",
        "coordinates": [
          [
            132.321152,
            34.3021952
          ],
          [
            132.3208206,
            34.3023435
          ],
          [
            132.3060516,
            34.3106945
          ]
        ]
      }
    },
    {
      "type": "Feature",
      "properties": {
        "osmId": 42975873,
        "name": "南海フェリー"
      },
      "geometry": {
        "type": "LineString",
        "coordinates": [
          [
            134.5832992,
            34.0566076
          ],
          [
            134.5836434,
            34.0563961
          ],
          [
            134.5841479,
            34.0560421
          ],
          [
            134.5846707,
            34.055295
          ],
          [
            134.5854696,
            34.0543549
          ],
          [
            134.5871973,
            34.053415
          ],
          [
            134.5969052,
            34.0501073
          ],
          [
            134.6033913,
            34.0483772
          ],
          [
            134.61163,
            34.0484206
          ],
          [
            134.6200603,
            34.0498665
          ],
          [
            134.6321849,
            34.0545153
          ],
          [
            134.6551519,
            34.062796
          ],
          [
            134.6573818,
            34.0635349
          ],
          [
            134.6729276,
            34.0689711
          ],
          [
            134.7119752,
            34.0824117
          ],
          [
            134.7458223,
            34.0934593
          ],
          [
            135.1059899,
            34.2151576
          ],
          [
            135.1122243,
            34.216655
          ],
          [
            135.1187797,
            34.2165594
          ],
          [
            135.1283118,
            34.2148947
          ],
          [
            135.1337092,
            34.2148336
          ],
          [
            135.1431023,
            34.2172244
          ],
          [
            135.1438589,
            34.2175041
          ],
          [
            135.1441039,
            34.217601
          ]
        ]
      }
    },
    {
      "type": "Feature",
      "properties": {
        "osmId": 70108523
      },
      "geometry": {
        "type": "LineString",
        "coordinates": [
          [
            135.3924806,
            35.4810064
          ],
          [
            135.3926007,
            35.4810548
          ],
          [
            135.3924076,
            35.4818758
          ],
          [
            135.3929703,
            35.4824157
          ],
          [
            135.3895211,
            35.4913722
          ],
          [
            135.3887486,
            35.4932241
          ],
          [
            135.3876328,
            35.4949362
          ],
          [
            135.3859212,
            35.4966726
          ],
          [
            135.3835559,
            35.498203
          ],
          [
            135.380702,
            35.4995656
          ],
          [
            135.3782987,
            35.5002819
          ],
          [
            135.3754878,
            35.5008933
          ],
          [
            135.3724193,
            35.5012427
          ],
          [
            135.3692174,
            35.5014598
          ],
          [
            135.3661114,
            35.50134
          ],
          [
            135.3608826,
            35.5005968
          ],
          [
            135.3577136,
            35.5002809
          ],
          [
            135.354534,
            35.5002094
          ],
          [
            135.3515384,
            35.5003616
          ],
          [
            135.3486184,
            35.5005708
          ],
          [
            135.3469598,
            35.5007273
          ],
          [
            135.3451793,
            35.5010105
          ],
          [
            135.3440952,
            35.5013213
          ],
          [
            135.3425985,
            35.5018448
          ],
          [
            135.3410697,
            35.5030244
          ],
          [
            135.3397369,
            35.5047254
          ],
          [
            135.3390201,
            35.5067423
          ],
          [
            135.3383923,
            35.5092728
          ],
          [
            135.3378842,
            35.5125445
          ],
          [
            135.3371458,
            35.5155539
          ],
          [
            135.3363511,
            35.517675
          ],
          [
            135.3355121,
            35.5194081
          ],
          [
            135.3338127,
            35.5224407
          ],
          [
            135.3323276,
            35.5264577
          ],
          [
            135.3305743,
            35.5306654
          ],
          [
            135.3261328,
            35.5394316
          ],
          [
            135.324964,
            35.5443406
          ],
          [
            135.3709733,
            35.6808451
          ],
          [
            135.3952026,
            35.7195429
          ],
          [
            135.4311961,
            35.7729878
          ],
          [
            135.4470115,
            35.794802
          ],
          [
            135.4786421,
            35.8504284
          ],
          [
            135.5031832,
            35.8940569
          ],
          [
            135.5249974,
            35.9338679
          ],
          [
            135.5522652,
            35.9851314
          ],
          [
            135.570262,
            36.0178528
          ],
          [
            135.6193441,
            36.1051098
          ],
          [
            135.6564283,
            36.1689165
          ],
          [
            135.6831508,
            36.2179986
          ],
          [
            135.7131454,
            36.2725342
          ],
          [
            135.7589553,
            36.3483388
          ],
          [
            135.7780428,
            36.3810601
          ],
          [
            135.8047652,
            36.4263247
          ],
          [
            135.8462123,
            36.497221
          ],
          [
            135.8696626,
            36.5386681
          ],
          [
            135.8991119,
            36.5888409
          ],
          [
            135.9749164,
            36.7306336
          ],
          [
            135.9945493,
            36.764991
          ],
          [
            136.0529024,
            36.8778798
          ],
          [
            136.1886961,
            37.0774802
          ],
          [
            136.2235989,
            37.1401962
          ],
          [
            136.249776,
            37.1870969
          ],
          [
            136.2895871,
            37.2569025
          ],
          [
            136.3921141,
            37.435234
          ],
          [
            136.4368333,
            37.5181282
          ],
          [
            136.4635557,
            37.5693917
          ],
          [
            136.5889877,
            37.7739003
          ],
          [
            136.5960773,
            37.7869889
          ],
          [
            136.627708,
            37.8404338
          ],
          [
            136.6391605,
            37.8617027
          ],
          [
            136.6566119,
            37.8922427
          ],
          [
            136.7084208,
            37.980045
          ],
          [
            136.7967685,
            38.0983874
          ],
          [
            136.8453052,
            38.1883712
          ],
          [
            136.8594845,
            38.2123668
          ],
          [
            136.9281994,
            38.3307092
          ],
          [
            136.9445601,
            38.3639759
          ],
          [
            136.9516497,
            38.373247
          ],
          [
            136.9652836,
            38.397788
          ],
          [
            137.0405428,
            38.5439435
          ],
          [
            137.0945331,
            38.6404716
          ],
          [
            137.1119845,
            38.6682848
          ],
          [
            137.1387069,
            38.7190029
          ],
          [
            137.2025136,
            38.8204392
          ],
          [
            137.2232372,
            38.8515245
          ],
          [
            137.2341443,
            38.870612
          ],
          [
            137.267411,
            38.9246023
          ],
          [
            137.3192199,
            39.0020429
          ],
          [
            137.3415795,
            39.045126
          ],
          [
            137.3715741,
            39.0963895
          ],
          [
            137.3802998,
            39.1083874
          ],
          [
            137.4162933,
            39.1727394
          ],
          [
            137.423383,
            39.1803744
          ],
          [
            137.5706292,
            39.4225126
          ],
          [
            137.675883,
            39.5986628
          ],
          [
            137.7206022,
            39.6913733
          ],
          [
            137.7385989,
            39.7170051
          ],
          [
            137.74787,
            39.7360926
          ],
          [
            137.7620493,
            39.7524533
          ],
          [
            137.7778646,
            39.7824479
          ],
          [
            137.8787555,
            39.9493269
          ],
          [
            137.9289283,
            40.0376746
          ],
          [
            138.0570871,
            40.2443647
          ],
          [
            138.2018453,
            40.4630187
          ],
          [
            138.2600957,
            40.537912
          ],
          [
            138.50974,
            40.9523216
          ],
          [
            139.1205365,
            41.945906
          ],
          [
            139.1504938,
            41.9941706
          ],
          [
            139.1837797,
            42.0873712
          ],
          [
            139.2620016,
            42.2038719
          ],
          [
            139.7729403,
            42.8030183
          ],
          [
            140.0009488,
            43.0443411
          ],
          [
            140.215643,
            43.2923212
          ],
          [
            140.2489289,
            43.3206142
          ],
          [
            140.2855434,
            43.358893
          ],
          [
            140.3088435,
            43.3971718
          ],
          [
            140.4569658,
            43.4387792
          ],
          [
            140.7415604,
            43.3705431
          ],
          [
            140.9875969,
            43.2945329
          ],
          [
            141.0053931,
            43.2806347
          ],
          [
            141.0380621,
            43.2462904
          ],
          [
            141.0410694,
            43.2395376
          ],
          [
            141.0429669,
            43.2328428
          ],
          [
            141.0464804,
            43.2185694
          ],
          [
            141.0447236,
            43.2085415
          ],
          [
            141.0434061,
            43.2040765
          ],
          [
            141.0426009,
            43.2029054
          ],
          [
            141.0410638,
            43.2018075
          ],
          [
            141.0394535,
            43.2007827
          ],
          [
            141.0374772,
            43.2001239
          ],
          [
            141.0359401,
            43.1996848
          ],
          [
            141.0339638,
            43.1994652
          ],
          [
            141.0323534,
            43.1992456
          ],
          [
            141.0305235,
            43.1991724
          ],
          [
            141.028474,
            43.1991724
          ],
          [
            141.025107,
            43.1992456
          ],
          [
            141.0235699,
            43.1989528
          ],
          [
            141.0215204,
            43.1980744
          ],
          [
            141.0204224,
            43.1970497
          ],
          [
            141.0197636,
            43.1963909
          ],
          [
            141.0196521,
            43.1958258
          ],
          [
            141.0195932,
            43.1950301
          ],
          [
            141.0200096,
            43.1923612
          ],
          [
            141.0166605,
            43.191232
          ],
          [
            141.0170209,
            43.1907024
          ]
        ]
      }
    },
    {
      "type": "Feature",
      "properties": {
        "osmId": 321461203,
        "name": "さんふらわあ (大阪－別府)"
      },
      "geometry": {
        "type": "LineString",
        "coordinates": [
          [
            135.4111535,
            34.6363793
          ],
          [
            135.4108554,
            34.6360912
          ],
          [
            135.4104744,
            34.6358865
          ],
          [
            135.4102224,
            34.6356399
          ],
          [
            135.4098053,
            34.6354004
          ],
          [
            135.4101392,
            34.634396
          ],
          [
            135.4101044,
            34.6339406
          ],
          [
            135.4099019,
            34.6334572
          ],
          [
            135.4019151,
            34.6275285
          ],
          [
            135.3999174,
            34.6270106
          ],
          [
            135.3981364,
            34.626887
          ],
          [
            135.3965543,
            34.6271602
          ],
          [
            135.388207,
            34.6310822
          ],
          [
            135.3857482,
            34.6313065
          ],
          [
            135.3835953,
            34.6308307
          ],
          [
            135.3472528,
            34.6139652
          ],
          [
            135.3250066,
            34.6036398
          ],
          [
            135.313475,
            34.6003728
          ],
          [
            135.2271984,
            34.5950468
          ],
          [
            135.1121501,
            34.5894418
          ],
          [
            135.0762532,
            34.5886408
          ],
          [
            135.0706577,
            34.5896606
          ],
          [
            135.0088243,
            34.6247113
          ],
          [
            134.9944105,
            34.6262829
          ],
          [
            134.9808932,
            34.62412
          ],
          [
            134.9045297,
            34.5905165
          ],
          [
            134.3510935,
            34.4054539
          ],
          [
            134.3423361,
            34.4038011
          ],
          [
            134.2298475,
            34.4010151
          ],
          [
            134.2274193,
            34.4012534
          ],
          [
            134.2247108,
            34.4019162
          ],
          [
            134.1317061,
            34.43007
          ],
          [
            134.0630779,
            34.4418454
          ],
          [
            134.0597894,
            34.4418501
          ],
          [
            134.0567096,
            34.4412316
          ],
          [
            134.0155813,
            34.4280097
          ],
          [
            133.9215875,
            34.4065696
          ],
          [
            133.8382013,
            34.3793655
          ],
          [
            133.835362,
            34.3787212
          ],
          [
            133.8315888,
            34.3784136
          ],
          [
            133.803196,
            34.3775088
          ],
          [
            133.6576117,
            34.3295004
          ],
          [
            133.5404128,
            34.2876827
          ],
          [
            133.253647,
            34.20807
          ],
          [
            133.041342,
            34.0919739
          ],
          [
            133.0366089,
            34.0903525
          ],
          [
            133.0311649,
            34.0896919
          ],
          [
            133.0245527,
            34.0901219
          ],
          [
            133.0187825,
            34.0917375
          ],
          [
            133.013496,
            34.0952246
          ],
          [
            133.0004732,
            34.1078906
          ],
          [
            132.9990702,
            34.1102309
          ],
          [
            132.9983605,
            34.1129838
          ],
          [
            132.9981172,
            34.1152524
          ],
          [
            132.99719,
            34.1290986
          ],
          [
            132.9966821,
            34.1313394
          ],
          [
            132.9955998,
            34.1330418
          ],
          [
            132.9935874,
            34.1348856
          ],
          [
            132.9487002,
            34.1592811
          ],
          [
            132.9458173,
            34.1607536
          ],
          [
            132.9418507,
            34.1614858
          ],
          [
            132.9383753,
            34.1615234
          ],
          [
            132.9165261,
            34.1613202
          ],
          [
            132.9106183,
            34.1606988
          ],
          [
            132.9048007,
            34.1586951
          ],
          [
            132.9001449,
            34.1556719
          ],
          [
            132.7071309,
            33.9576909
          ],
          [
            132.7041941,
            33.955119
          ],
          [
            132.7000597,
            33.9522183
          ],
          [
            132.6278231,
            33.9082796
          ],
          [
            132.6231664,
            33.9050868
          ],
          [
            132.5459763,
            33.8312501
          ],
          [
            132.5411427,
            33.8280182
          ],
          [
            131.7621446,
            33.3679453
          ],
          [
            131.7444849,
            33.3592087
          ],
          [
            131.7253063,
            33.3527474
          ],
          [
            131.5130418,
            33.3147705
          ],
          [
            131.5109963,
            33.3142248
          ],
          [
            131.5094483,
            33.3136024
          ],
          [
            131.5084182,
            33.3127725
          ],
          [
            131.5075913,
            33.3117494
          ],
          [
            131.504963,
            33.3073009
          ],
          [
            131.5043123,
            33.3061718
          ],
          [
            131.5044004,
            33.3058331
          ],
          [
            131.5043221,
            33.3054246
          ],
          [
            131.5044165,
            33.3050687
          ],
          [
            131.5043319,
            33.3046787
          ]
        ]
      }
    },
    {
      "type": "Feature",
      "properties": {
        "osmId": 371187975,
        "name": "ノスタルジック航路"
      },
      "geometry": {
        "type": "LineString",
        "coordinates": [
          [
            140.8980346,
            41.5261366
          ],
          [
            140.8984178,
            41.5267336
          ],
          [
            140.8989125,
            41.5269975
          ],
          [
            140.8992217,
            41.5273173
          ],
          [
            140.8995026,
            41.5278649
          ],
          [
            140.8996385,
            41.5283988
          ],
          [
            140.8993914,
            41.5294159
          ],
          [
            140.8982593,
            41.5309877
          ],
          [
            140.8970859,
            41.5320818
          ],
          [
            140.8963037,
            41.5326981
          ],
          [
            140.6845023,
            41.7279633
          ],
          [
            140.6737171,
            41.7398698
          ],
          [
            140.6735466,
            41.7547831
          ],
          [
            140.6803476,
            41.7730864
          ],
          [
            140.6835757,
            41.7793692
          ],
          [
            140.6872279,
            41.7871287
          ],
          [
            140.6918006,
            41.7952062
          ],
          [
            140.6931185,
            41.7958081
          ],
          [
            140.6974453,
            41.7962971
          ],
          [
            140.6993828,
            41.7963595
          ],
          [
            140.701046,
            41.796776
          ],
          [
            140.7090187,
            41.8071182
          ],
          [
            140.7097648,
            41.8078834
          ]
        ]
      }
    },
    {
      "type": "Feature",
      "properties": {
        "osmId": 525623597,
        "name": "新日本海フェリー 敦賀－新潟"
      },
      "geometry": {
        "type": "LineString",
        "coordinates": [
          [
            136.0724303,
            35.6782473
          ],
          [
            136.0714038,
            35.6775621
          ],
          [
            136.0708097,
            35.6774498
          ],
          [
            136.0563469,
            35.677359
          ],
          [
            136.0552719,
            35.6774617
          ],
          [
            136.0543129,
            35.6778507
          ],
          [
            136.0536845,
            35.6783909
          ],
          [
            136.0533204,
            35.6790728
          ],
          [
            136.0532018,
            35.6798972
          ],
          [
            136.0497973,
            35.7672204
          ],
          [
            135.9508731,
            35.8846453
          ],
          [
            135.9368076,
            35.9197601
          ],
          [
            135.920184,
            35.9898684
          ],
          [
            135.9792961,
            36.1559513
          ],
          [
            136.0123321,
            36.2054846
          ],
          [
            136.0364788,
            36.2593111
          ],
          [
            136.0420694,
            36.2725462
          ],
          [
            136.0589602,
            36.3038028
          ],
          [
            136.0741857,
            36.3323638
          ],
          [
            136.0801332,
            36.3435745
          ],
          [
            136.0865564,
            36.353155
          ],
          [
            136.0961913,
            36.3678109
          ],
          [
            136.1074915,
            36.3841877
          ],
          [
            136.1142716,
            36.3941462
          ],
          [
            136.1214085,
            36.4047736
          ],
          [
            136.141392,
            36.4348287
          ],
          [
            136.1540006,
            36.4559752
          ],
          [
            136.176601,
            36.4928004
          ],
          [
            136.199915,
            36.5297036
          ],
          [
            136.2269165,
            36.571557
          ],
          [
            136.2582001,
            36.6166338
          ],
          [
            136.2733067,
            36.6376352
          ],
          [
            136.2767562,
            36.6425983
          ],
          [
            136.2788973,
            36.6459387
          ],
          [
            136.3037577,
            36.6924982
          ],
          [
            136.3295696,
            36.7411265
          ],
          [
            136.354549,
            36.7878189
          ],
          [
            136.3813125,
            36.8397188
          ],
          [
            136.4017718,
            36.8818794
          ],
          [
            136.4216363,
            36.9247775
          ],
          [
            136.4453072,
            36.9724982
          ],
          [
            136.4650528,
            37.0145855
          ],
          [
            136.4764719,
            37.0402254
          ],
          [
            136.4905079,
            37.082465
          ],
          [
            136.5016891,
            37.1156706
          ],
          [
            136.5059713,
            37.1233532
          ],
          [
            136.5141788,
            37.1437416
          ],
          [
            136.5286906,
            37.1718023
          ],
          [
            136.5568815,
            37.2165262
          ],
          [
            136.5849535,
            37.2624542
          ],
          [
            136.6019633,
            37.2843194
          ],
          [
            136.6220657,
            37.3092057
          ],
          [
            136.6393133,
            37.330679
          ],
          [
            136.6600105,
            37.3554555
          ],
          [
            136.6633411,
            37.3592374
          ],
          [
            136.6675043,
            37.3624519
          ],
          [
            136.7255515,
            37.4023382
          ],
          [
            136.7590952,
            37.4259575
          ],
          [
            136.7662321,
            37.4310582
          ],
          [
            136.7717038,
            37.4338919
          ],
          [
            136.7778891,
            37.4361587
          ],
          [
            136.8125033,
            37.4476806
          ],
          [
            136.8580609,
            37.4625998
          ],
          [
            136.9208661,
            37.4838404
          ],
          [
            136.9987778,
            37.5098873
          ],
          [
            137.0526618,
            37.5277185
          ],
          [
            137.1027394,
            37.5428103
          ],
          [
            137.1315251,
            37.551864
          ],
          [
            137.164355,
            37.5616709
          ],
          [
            137.2209749,
            37.5789241
          ],
          [
            137.2536859,
            37.5888217
          ],
          [
            137.2748588,
            37.5952308
          ],
          [
            137.2816389,
            37.5970215
          ],
          [
            137.2860401,
            37.597964
          ],
          [
            137.2936528,
            37.5987179
          ],
          [
            137.3271965,
            37.6029588
          ],
          [
            137.3970197,
            37.6127589
          ],
          [
            137.4790946,
            37.6249131
          ],
          [
            137.5586716,
            37.6367827
          ],
          [
            137.6345612,
            37.6481795
          ],
          [
            137.6993885,
            37.6586328
          ],
          [
            137.780155,
            37.6711561
          ],
          [
            137.8407001,
            37.6802883
          ],
          [
            137.9017211,
            37.6890428
          ],
          [
            137.9746369,
            37.699114
          ],
          [
            138.0267367,
            37.7061724
          ],
          [
            138.0661089,
            37.7113481
          ],
          [
            138.0901366,
            37.7149239
          ],
          [
            138.0967977,
            37.7161471
          ],
          [
            138.1050052,
            37.7168999
          ],
          [
            138.1343857,
            37.7177467
          ],
          [
            138.1647177,
            37.719064
          ],
          [
            138.1908866,
            37.7204754
          ],
          [
            138.2088479,
            37.7212281
          ],
          [
            138.2171743,
            37.7216985
          ],
          [
            138.2231218,
            37.7226394
          ],
          [
            138.2370388,
            37.7248034
          ],
          [
            138.2729615,
            37.7319534
          ],
          [
            138.3105494,
            37.7397612
          ],
          [
            138.3194706,
            37.7414543
          ],
          [
            138.3254181,
            37.7431474
          ],
          [
            138.3394541,
            37.7471919
          ],
          [
            138.3624113,
            37.7533993
          ],
          [
            138.3870338,
            37.7603585
          ],
          [
            138.414511,
            37.7691036
          ],
          [
            138.4384198,
            37.7777536
          ],
          [
            138.4644697,
            37.7872487
          ],
          [
            138.5022955,
            37.8007841
          ],
          [
            138.5379803,
            37.8140351
          ],
          [
            138.564506,
            37.824747
          ],
          [
            138.5950759,
            37.8367725
          ],
          [
            138.6383734,
            37.8537739
          ],
          [
            138.665137,
            37.8641044
          ],
          [
            138.6726308,
            37.8659825
          ],
          [
            138.6882131,
            37.8718043
          ],
          [
            138.7159283,
            37.8824139
          ],
          [
            138.7297264,
            37.8874834
          ],
          [
            138.7485204,
            37.8935852
          ],
          [
            138.7978843,
            37.9095412
          ],
          [
            138.8578347,
            37.9295283
          ],
          [
            138.8956605,
            37.9425685
          ],
          [
            138.9447865,
            37.9597332
          ],
          [
            138.9778544,
            37.971174
          ],
          [
            139.0225793,
            37.9859882
          ],
          [
            139.0317384,
            37.9884257
          ],
          [
            139.0431575,
            37.9907693
          ],
          [
            139.0507702,
            37.9913318
          ],
          [
            139.0614757,
            37.9908631
          ],
          [
            139.0671852,
            37.9902068
          ],
          [
            139.0704862,
            37.9893162
          ],
          [
            139.0739357,
            37.9875818
          ],
          [
            139.0776529,
            37.9847224
          ],
          [
            139.0796155,
            37.9829646
          ],
          [
            139.0809834,
            37.9811129
          ],
          [
            139.0817863,
            37.9795424
          ],
          [
            139.0827082,
            37.975956
          ],
          [
            139.0823216,
            37.9736822
          ],
          [
            139.0813105,
            37.9714318
          ],
          [
            139.0796453,
            37.9694392
          ],
          [
            139.0780097,
            37.9675637
          ],
          [
            139.0734599,
            37.9631561
          ],
          [
            139.0712891,
            37.9607178
          ],
          [
            139.0694156,
            37.9576229
          ],
          [
            139.0681667,
            37.9559581
          ],
          [
            139.067899,
            37.9545747
          ],
          [
            139.0633195,
            37.9398715
          ],
          [
            139.0644792,
            37.9396135
          ],
          [
            139.0680117,
            37.9382138
          ],
          [
            139.0686267,
            37.9380974
          ],
          [
            139.068916,
            37.9380752
          ]
        ]
      }
    },
    {
      "type": "Feature",
      "properties": {
        "osmId": 525626794,
        "name": "新日本海フェリー 新潟－秋田"
      },
      "geometry": {
        "type": "LineString",
        "coordinates": [
          [
            139.068916,
            37.9380752
          ],
          [
            139.0686053,
            37.9381215
          ],
          [
            139.0679884,
            37.9382725
          ],
          [
            139.0669819,
            37.9388734
          ],
          [
            139.0661581,
            37.9397157
          ],
          [
            139.0655783,
            37.9403413
          ],
          [
            139.0655783,
            37.9411535
          ],
          [
            139.065708,
            37.9431748
          ],
          [
            139.0663335,
            37.9463631
          ],
          [
            139.0669133,
            37.9486429
          ],
          [
            139.0676227,
            37.9516144
          ],
          [
            139.0685762,
            37.955085
          ],
          [
            139.0697738,
            37.9568894
          ],
          [
            139.0706129,
            37.9580682
          ],
          [
            139.0727183,
            37.9610093
          ],
          [
            139.0753119,
            37.9645636
          ],
          [
            139.0773105,
            37.9674563
          ],
          [
            139.0786835,
            37.9696091
          ],
          [
            139.0800871,
            37.972207
          ],
          [
            139.0804533,
            37.9729827
          ],
          [
            139.0820475,
            37.9767108
          ],
          [
            139.0831918,
            37.9791761
          ],
          [
            139.0848318,
            37.9825312
          ],
          [
            139.0863269,
            37.9855794
          ],
          [
            139.0877534,
            37.9886035
          ],
          [
            139.0891646,
            37.9917357
          ],
          [
            139.0981582,
            38.0120767
          ],
          [
            139.117137,
            38.0529339
          ],
          [
            139.1426455,
            38.1086552
          ],
          [
            139.1798708,
            38.1863058
          ],
          [
            139.2194152,
            38.2693358
          ],
          [
            139.2611565,
            38.3520796
          ],
          [
            139.2941102,
            38.415223
          ],
          [
            139.2950866,
            38.4179006
          ],
          [
            139.3190085,
            38.4920687
          ],
          [
            139.3207172,
            38.497227
          ],
          [
            139.3229141,
            38.5004747
          ],
          [
            139.3287725,
            38.5113628
          ],
          [
            139.3490329,
            38.5457356
          ],
          [
            139.3717343,
            38.583145
          ],
          [
            139.3749076,
            38.5882968
          ],
          [
            139.3807661,
            38.6008886
          ],
          [
            139.4129874,
            38.6641955
          ],
          [
            139.4442323,
            38.7249709
          ],
          [
            139.4708394,
            38.7797958
          ],
          [
            139.5020843,
            38.8507391
          ],
          [
            139.5147776,
            38.8741177
          ],
          [
            139.5614009,
            38.9677453
          ],
          [
            139.576047,
            38.9998123
          ],
          [
            139.6090006,
            39.0640923
          ],
          [
            139.6197411,
            39.0898637
          ],
          [
            139.6580649,
            39.1735558
          ],
          [
            139.6758843,
            39.2057185
          ],
          [
            139.7261691,
            39.2990962
          ],
          [
            139.7679104,
            39.3765014
          ],
          [
            139.8101399,
            39.4630558
          ],
          [
            139.856275,
            39.5566546
          ],
          [
            139.8967958,
            39.6373458
          ],
          [
            139.9343874,
            39.7160652
          ],
          [
            139.9546478,
            39.7607394
          ],
          [
            139.9595298,
            39.7689954
          ],
          [
            139.9629169,
            39.7734746
          ],
          [
            139.966792,
            39.778024
          ],
          [
            139.9720097,
            39.7832297
          ],
          [
            139.9761289,
            39.7864185
          ],
          [
            139.9804922,
            39.7888335
          ],
          [
            139.9833604,
            39.7901465
          ],
          [
            139.985893,
            39.7906389
          ],
          [
            139.988517,
            39.7906623
          ],
          [
            139.9906224,
            39.7904982
          ],
          [
            139.9941924,
            39.7895369
          ],
          [
            140.0013934,
            39.7878019
          ],
          [
            140.0063975,
            39.7860199
          ],
          [
            140.00774,
            39.7852696
          ],
          [
            140.0095708,
            39.78398
          ],
          [
            140.0117372,
            39.7820338
          ],
          [
            140.0158259,
            39.7774143
          ],
          [
            140.0189687,
            39.7736856
          ],
          [
            140.0221725,
            39.7709652
          ],
          [
            140.0239117,
            39.7696753
          ],
          [
            140.0297396,
            39.7662277
          ],
          [
            140.0326078,
            39.7646563
          ],
          [
            140.0363304,
            39.7628268
          ],
          [
            140.0401444,
            39.7613726
          ],
          [
            140.0443552,
            39.7603874
          ],
          [
            140.0471623,
            39.7598245
          ],
          [
            140.0494508,
            39.7593085
          ],
          [
            140.0514341,
            39.7586751
          ],
          [
            140.0527919,
            39.7577545
          ],
          [
            140.0536921,
            39.7570625
          ],
          [
            140.0539057,
            39.7568983
          ],
          [
            140.0557313,
            39.755928
          ],
          [
            140.0580684,
            39.7547796
          ],
          [
            140.0585458,
            39.7549101
          ],
          [
            140.0586267,
            39.75502
          ]
        ]
      }
    },
    {
      "type": "Feature",
      "properties": {
        "osmId": 550202121,
        "name": "オーシャン東九フェリー （東京－徳島－新門司）"
      },
      "geometry": {
        "type": "LineString",
        "coordinates": [
          [
            134.595873,
            34.0538709
          ],
          [
            134.5963865,
            34.0527622
          ],
          [
            134.6032619,
            34.0481071
          ],
          [
            134.6116201,
            34.0481067
          ],
          [
            134.6179114,
            34.0473307
          ],
          [
            134.6241671,
            34.0458749
          ],
          [
            134.6298342,
            34.0434585
          ],
          [
            134.6350732,
            34.0403326
          ],
          [
            134.8144991,
            33.9140081
          ],
          [
            134.8197971,
            33.9073397
          ],
          [
            134.832194,
            33.878872
          ],
          [
            134.833355,
            33.875813
          ],
          [
            134.835297,
            33.870297
          ],
          [
            134.837521,
            33.863008
          ],
          [
            134.83808,
            33.860647
          ],
          [
            134.839256,
            33.855183
          ],
          [
            134.839574,
            33.853331
          ],
          [
            134.839851,
            33.851122
          ],
          [
            134.840088,
            33.847588
          ],
          [
            134.840154,
            33.843934
          ],
          [
            134.840102,
            33.840292
          ],
          [
            134.839928,
            33.838715
          ],
          [
            134.839568,
            33.837171
          ],
          [
            134.839044,
            33.835644
          ],
          [
            134.838338,
            33.833876
          ],
          [
            134.837659,
            33.832384
          ],
          [
            134.836804,
            33.830962
          ],
          [
            134.835916,
            33.829758
          ],
          [
            134.834884,
            33.828533
          ],
          [
            134.833805,
            33.827437
          ],
          [
            134.831234,
            33.825166
          ],
          [
            134.82873,
            33.823059
          ],
          [
            134.816685,
            33.813292
          ],
          [
            134.811715,
            33.809201
          ],
          [
            134.800578,
            33.800219
          ],
          [
            134.797746,
            33.797859
          ],
          [
            134.777656,
            33.781654
          ],
          [
            134.770791,
            33.77597
          ],
          [
            134.764868,
            33.771157
          ],
          [
            134.749255,
            33.757956
          ],
          [
            134.737784,
            33.748325
          ],
          [
            134.728662,
            33.740785
          ],
          [
            134.723478,
            33.736336
          ],
          [
            134.71546,
            33.729646
          ],
          [
            134.711948,
            33.726779
          ],
          [
            134.698753,
            33.715672
          ],
          [
            134.692676,
            33.710492
          ],
          [
            134.689281,
            33.707413
          ],
          [
            134.684168,
            33.703188
          ],
          [
            134.680204,
            33.69969
          ],
          [
            134.673095,
            33.693708
          ],
          [
            134.663675,
            33.685583
          ],
          [
            134.661296,
            33.68363
          ],
          [
            134.658053,
            33.680857
          ],
          [
            134.654856,
            33.678037
          ],
          [
            134.645094,
            33.669765
          ],
          [
            134.639047,
            33.664484
          ],
          [
            134.632027,
            33.658464
          ],
          [
            134.616145,
            33.644521
          ],
          [
            134.61415,
            33.642846
          ],
          [
            134.609706,
            33.638941
          ],
          [
            134.606744,
            33.636418
          ],
          [
            134.60286,
            33.632956
          ],
          [
            134.597776,
            33.628601
          ],
          [
            134.595004,
            33.626104
          ],
          [
            134.588439,
            33.620535
          ],
          [
            134.580923,
            33.614031
          ],
          [
            134.577376,
            33.610881
          ],
          [
            134.573452,
            33.607564
          ],
          [
            134.562775,
            33.598384
          ],
          [
            134.555812,
            33.592211
          ],
          [
            134.543789,
            33.581822
          ],
          [
            134.539534,
            33.57808
          ],
          [
            134.537059,
            33.576015
          ],
          [
            134.521435,
            33.562597
          ],
          [
            134.517393,
            33.559207
          ],
          [
            134.511542,
            33.554148
          ],
          [
            134.507663,
            33.550935
          ],
          [
            134.498691,
            33.543258
          ],
          [
            134.487947,
            33.534354
          ],
          [
            134.483939,
            33.530724
          ],
          [
            134.479407,
            33.526391
          ],
          [
            134.474787,
            33.521858
          ],
          [
            134.467022,
            33.514425
          ],
          [
            134.464232,
            33.511619
          ],
          [
            134.456936,
            33.504468
          ],
          [
            134.450285,
            33.497873
          ],
          [
            134.447599,
            33.495123
          ],
          [
            134.446023,
            33.493425
          ],
          [
            134.438129,
            33.484603
          ],
          [
            134.429688,
            33.474745
          ],
          [
            134.414778,
            33.457793
          ],
          [
            134.383587,
            33.422054
          ],
          [
            134.380383,
            33.418253
          ],
          [
            134.375713,
            33.412855
          ],
          [
            134.366651,
            33.401958
          ],
          [
            134.357364,
            33.390922
          ],
          [
            134.352739,
            33.38534
          ],
          [
            134.348387,
            33.379994
          ],
          [
            134.331098,
            33.359393
          ],
          [
            134.318399,
            33.343679
          ],
          [
            134.307746,
            33.330283
          ],
          [
            134.300129,
            33.321004
          ],
          [
            134.296639,
            33.316635
          ],
          [
            134.292996,
            33.312218
          ],
          [
            134.282888,
            33.299695
          ],
          [
            134.272569,
            33.287371
          ],
          [
            134.267024,
            33.281195
          ],
          [
            134.247495,
            33.259938
          ],
          [
            134.230473,
            33.24164
          ],
          [
            134.22418,
            33.234955
          ],
          [
            134.2173,
            33.227472
          ],
          [
            134.215843,
            33.226086
          ],
          [
            134.214075,
            33.224697
          ],
          [
            134.209992,
            33.221733
          ],
          [
            134.200605,
            33.214653
          ],
          [
            134.195342,
            33.210609
          ],
          [
            134.185068,
            33.20256
          ],
          [
            134.18344,
            33.201335
          ],
          [
            134.181723,
            33.200255
          ],
          [
            134.179446,
            33.199063
          ],
          [
            134.17734,
            33.198036
          ],
          [
            134.161336,
            33.190378
          ],
          [
            133.106431,
            32.7234
          ],
          [
            133.104834,
            32.722495
          ],
          [
            133.102768,
            32.721568
          ],
          [
            133.10079,
            32.720877
          ],
          [
            133.074549,
            32.712755
          ],
          [
            133.071192,
            32.711691
          ],
          [
            133.063794,
            32.709237
          ],
          [
            133.046429,
            32.703879
          ],
          [
            133.035373,
            32.700311
          ],
          [
            133.033491,
            32.699887
          ],
          [
            133.031874,
            32.699654
          ],
          [
            133.028109,
            32.699366
          ],
          [
            133.010462,
            32.69821
          ],
          [
            132.992585,
            32.696767
          ],
          [
            132.962992,
            32.694592
          ],
          [
            132.939746,
            32.692948
          ],
          [
            132.927173,
            32.692139
          ],
          [
            132.920116,
            32.691814
          ],
          [
            132.915984,
            32.691559
          ],
          [
            132.902566,
            32.690865
          ],
          [
            132.876761,
            32.689285
          ],
          [
            132.860192,
            32.688149
          ],
          [
            132.836014,
            32.686563
          ],
          [
            132.825604,
            32.685831
          ],
          [
            132.789845,
            32.683484
          ],
          [
            132.764182,
            32.681636
          ],
          [
            132.75169,
            32.680876
          ],
          [
            132.738139,
            32.679972
          ],
          [
            132.726441,
            32.679062
          ],
          [
            132.711615,
            32.678119
          ],
          [
            132.69319,
            32.676794
          ],
          [
            132.685638,
            32.676147
          ],
          [
            132.675252,
            32.675113
          ],
          [
            132.654902,
            32.673215
          ],
          [
            132.640218,
            32.672044
          ],
          [
            132.623935,
            32.670549
          ],
          [
            132.622008,
            32.670484
          ],
          [
            132.620213,
            32.670603
          ],
          [
            132.608007,
            32.672354
          ],
          [
            132.58289,
            32.675822
          ],
          [
            132.570349,
            32.677364
          ],
          [
            132.549701,
            32.680092
          ],
          [
            132.534959,
            32.681951
          ],
          [
            132.517194,
            32.684287
          ],
          [
            132.513143,
            32.684885
          ],
          [
            132.511089,
            32.685324
          ],
          [
            132.508877,
            32.686115
          ],
          [
            132.506855,
            32.68707
          ],
          [
            132.485153,
            32.697464
          ],
          [
            132.483153,
            32.698465
          ],
          [
            132.4811481,
            32.6994334
          ],
          [
            132.4794391,
            32.7006217
          ],
          [
            132.4778848,
            32.701882
          ],
          [
            132.4531618,
            32.7336466
          ],
          [
            132.142154,
            33.14262
          ],
          [
            131.9936832,
            33.3272464
          ],
          [
            131.755717,
            33.7219462
          ],
          [
            131.7308979,
            33.7495841
          ],
          [
            131.6791581,
            33.776221
          ],
          [
            131.674543,
            33.7777743
          ],
          [
            131.1972456,
            33.8641706
          ],
          [
            131.0392192,
            33.8901443
          ],
          [
            131.0364789,
            33.8902221
          ],
          [
            131.0342047,
            33.8897504
          ],
          [
            131.0032005,
            33.8717516
          ],
          [
            131.0013208,
            33.8713137
          ],
          [
            130.9996435,
            33.8711771
          ],
          [
            130.9974705,
            33.8712157
          ],
          [
            130.995373,
            33.8715019
          ],
          [
            130.9938706,
            33.8718408
          ],
          [
            130.9930801,
            33.8721437
          ],
          [
            130.9921124,
            33.8726573
          ],
          [
            130.9914815,
            33.8732216
          ],
          [
            130.9908032,
            33.8739193
          ],
          [
            130.9902546,
            33.8753202
          ],
          [
            130.9901404,
            33.8782366
          ],
          [
            130.9897113,
            33.8806059
          ],
          [
            130.9894822,
            33.8812038
          ],
          [
            130.989545,
            33.8813474
          ],
          [
            130.9894995,
            33.8814172
          ],
          [
            130.9897126,
            33.8819595
          ]
        ]
      }
    },
    {
      "type": "Feature",
      "properties": {
        "osmId": 550203352,
        "name": "オーシャン東九フェリー（東京―徳島―北九州）"
      },
      "geometry": {
        "type": "LineString",
        "coordinates": [
          [
            139.7967056,
            35.6165792
          ],
          [
            139.796879,
            35.616185
          ],
          [
            139.7968883,
            35.6161063
          ],
          [
            139.796901,
            35.616083
          ],
          [
            139.7971254,
            35.6159194
          ],
          [
            139.7972838,
            35.6157908
          ],
          [
            139.79755,
            35.615672
          ],
          [
            139.798341,
            35.615707
          ],
          [
            139.799053,
            35.615886
          ],
          [
            139.799699,
            35.61616
          ],
          [
            139.801841,
            35.61751
          ],
          [
            139.803771,
            35.618587
          ],
          [
            139.804565,
            35.618912
          ],
          [
            139.805553,
            35.61911
          ],
          [
            139.806502,
            35.619105
          ],
          [
            139.807834,
            35.618831
          ],
          [
            139.814243,
            35.616637
          ],
          [
            139.820308,
            35.614662
          ],
          [
            139.822188,
            35.613948
          ],
          [
            139.823206,
            35.613462
          ],
          [
            139.824454,
            35.612707
          ],
          [
            139.825376,
            35.611792
          ],
          [
            139.826066,
            35.610943
          ],
          [
            139.827701,
            35.608698
          ],
          [
            139.8627568,
            35.5604163
          ],
          [
            139.8638811,
            35.5571628
          ],
          [
            139.8638989,
            35.5540944
          ],
          [
            139.8627219,
            35.5517639
          ],
          [
            139.8602023,
            35.5404805
          ],
          [
            139.7721898,
            35.4077302
          ],
          [
            139.7296537,
            35.3249354
          ],
          [
            139.7289303,
            35.3144774
          ],
          [
            139.7684375,
            35.2594779
          ],
          [
            139.7693572,
            35.2513431
          ],
          [
            139.7196327,
            35.1347534
          ],
          [
            138.9262146,
            34.4667394
          ],
          [
            136.1190696,
            33.4704204
          ],
          [
            136.097046,
            33.466138
          ],
          [
            136.079031,
            33.462159
          ],
          [
            136.066176,
            33.45916
          ],
          [
            136.060063,
            33.457855
          ],
          [
            136.049845,
            33.455484
          ],
          [
            136.040307,
            33.453339
          ],
          [
            136.028356,
            33.450799
          ],
          [
            136.004979,
            33.445622
          ],
          [
            135.986935,
            33.441891
          ],
          [
            135.963679,
            33.438318
          ],
          [
            135.94329,
            33.435684
          ],
          [
            135.934847,
            33.434684
          ],
          [
            135.92426,
            33.433525
          ],
          [
            135.920005,
            33.432989
          ],
          [
            135.9075,
            33.43167
          ],
          [
            135.901077,
            33.430942
          ],
          [
            135.873091,
            33.427432
          ],
          [
            135.859213,
            33.425623
          ],
          [
            135.851777,
            33.424758
          ],
          [
            135.840759,
            33.423558
          ],
          [
            135.831999,
            33.422486
          ],
          [
            135.811981,
            33.419918
          ],
          [
            135.805218,
            33.419118
          ],
          [
            135.800811,
            33.418531
          ],
          [
            135.788931,
            33.417063
          ],
          [
            135.76959,
            33.414837
          ],
          [
            135.760635,
            33.41394
          ],
          [
            135.756248,
            33.413554
          ],
          [
            135.754286,
            33.413486
          ],
          [
            135.751831,
            33.413609
          ],
          [
            135.731971,
            33.415603
          ],
          [
            135.716107,
            33.417127
          ],
          [
            135.702174,
            33.419409
          ],
          [
            135.678887,
            33.422996
          ],
          [
            135.665006,
            33.425057
          ],
          [
            135.659741,
            33.425899
          ],
          [
            135.655304,
            33.426664
          ],
          [
            135.652994,
            33.427092
          ],
          [
            135.649606,
            33.427813
          ],
          [
            135.631682,
            33.431952
          ],
          [
            135.627309,
            33.433036
          ],
          [
            135.624995,
            33.433662
          ],
          [
            135.615923,
            33.436347
          ],
          [
            135.600774,
            33.441005
          ],
          [
            135.598849,
            33.441634
          ],
          [
            135.596587,
            33.44252
          ],
          [
            135.594491,
            33.443509
          ],
          [
            135.571652,
            33.454735
          ],
          [
            135.567697,
            33.456572
          ],
          [
            135.565876,
            33.45722
          ],
          [
            135.550047,
            33.462041
          ],
          [
            135.535936,
            33.466229
          ],
          [
            135.482321,
            33.481802
          ],
          [
            135.457323,
            33.488978
          ],
          [
            135.455324,
            33.489583
          ],
          [
            135.453486,
            33.490254
          ],
          [
            135.451497,
            33.491143
          ],
          [
            135.43723,
            33.497895
          ],
          [
            135.420931,
            33.5055
          ],
          [
            135.406899,
            33.512123
          ],
          [
            135.401309,
            33.514699
          ],
          [
            135.387441,
            33.52125
          ],
          [
            135.379831,
            33.524731
          ],
          [
            135.373019,
            33.527778
          ],
          [
            135.371406,
            33.528584
          ],
          [
            135.368253,
            33.530532
          ],
          [
            135.358058,
            33.537269
          ],
          [
            135.352039,
            33.541147
          ],
          [
            135.345946,
            33.545169
          ],
          [
            135.329386,
            33.556237
          ],
          [
            135.317771,
            33.564102
          ],
          [
            135.306136,
            33.571802
          ],
          [
            135.302149,
            33.574376
          ],
          [
            135.289453,
            33.582738
          ],
          [
            135.285942,
            33.585
          ],
          [
            135.274659,
            33.592088
          ],
          [
            135.26244,
            33.599843
          ],
          [
            135.217341,
            33.629006
          ],
          [
            135.205549,
            33.636699
          ],
          [
            135.199839,
            33.640463
          ],
          [
            135.196347,
            33.642873
          ],
          [
            135.184754,
            33.650684
          ],
          [
            135.180899,
            33.653362
          ],
          [
            135.179076,
            33.654665
          ],
          [
            135.177226,
            33.65607
          ],
          [
            135.17573,
            33.65728
          ],
          [
            135.164557,
            33.666679
          ],
          [
            135.16094,
            33.66962
          ],
          [
            135.147605,
            33.678979
          ],
          [
            135.13815,
            33.685707
          ],
          [
            135.122662,
            33.696884
          ],
          [
            134.6352023,
            34.0404605
          ],
          [
            134.6300219,
            34.0435775
          ],
          [
            134.6242349,
            34.0460443
          ],
          [
            134.6179486,
            34.0475208
          ],
          [
            134.6116266,
            34.0482584
          ],
          [
            134.603319,
            34.0482357
          ],
          [
            134.5965129,
            34.0528248
          ],
          [
            134.595873,
            34.0538709
          ]
        ]
      }
    },
    {
      "type": "Feature",
      "properties": {
        "osmId": 550415107,
        "name": "大洗〜苫小牧"
      },
      "geometry": {
        "type": "LineString",
        "coordinates": [
          [
            140.5751431,
            36.3087411
          ],
          [
            140.575278,
            36.308601
          ],
          [
            140.575397,
            36.307927
          ],
          [
            140.575408,
            36.307528
          ],
          [
            140.57521,
            36.306552
          ],
          [
            140.575132,
            36.305741
          ],
          [
            140.57521,
            36.305142
          ],
          [
            140.575306,
            36.304822
          ],
          [
            140.577776,
            36.300274
          ],
          [
            140.579054,
            36.298198
          ],
          [
            140.582343,
            36.292576
          ],
          [
            140.584386,
            36.28926
          ],
          [
            140.58524,
            36.288023
          ],
          [
            140.586016,
            36.287086
          ],
          [
            140.587073,
            36.286131
          ],
          [
            140.588302,
            36.285216
          ],
          [
            140.592247,
            36.282584
          ],
          [
            140.599755,
            36.277769
          ],
          [
            140.601378,
            36.276868
          ],
          [
            140.602757,
            36.276274
          ],
          [
            140.60432,
            36.275743
          ],
          [
            140.605934,
            36.275334
          ],
          [
            140.607583,
            36.275024
          ],
          [
            140.609165,
            36.27484
          ],
          [
            140.610869,
            36.274769
          ],
          [
            140.612377,
            36.274758
          ],
          [
            140.61842,
            36.274892
          ],
          [
            140.620359,
            36.275009
          ],
          [
            140.622649,
            36.27527
          ],
          [
            140.624991,
            36.275809
          ],
          [
            140.627344,
            36.276674
          ],
          [
            140.629357,
            36.277654
          ],
          [
            140.631192,
            36.278855
          ],
          [
            140.633069,
            36.280415
          ],
          [
            140.635798,
            36.282947
          ],
          [
            140.641271,
            36.288239
          ],
          [
            140.65037,
            36.297396
          ],
          [
            140.654868,
            36.301813
          ],
          [
            140.669161,
            36.315631
          ],
          [
            140.684727,
            36.33045
          ],
          [
            140.702613,
            36.347138
          ],
          [
            140.716079,
            36.359324
          ],
          [
            140.729251,
            36.371506
          ],
          [
            140.738603,
            36.380031
          ],
          [
            140.746845,
            36.387452
          ],
          [
            140.753975,
            36.39414
          ],
          [
            140.757417,
            36.397236
          ],
          [
            140.75912,
            36.39906
          ],
          [
            140.760272,
            36.400569
          ],
          [
            140.761313,
            36.402233
          ],
          [
            140.762352,
            36.404315
          ],
          [
            140.765367,
            36.410853
          ],
          [
            140.770001,
            36.420187
          ],
          [
            140.774496,
            36.429565
          ],
          [
            140.776304,
            36.433202
          ],
          [
            140.785536,
            36.452552
          ],
          [
            140.789036,
            36.45975
          ],
          [
            140.791648,
            36.46531
          ],
          [
            140.793235,
            36.468535
          ],
          [
            140.800259,
            36.483357
          ],
          [
            140.804266,
            36.492024
          ],
          [
            140.808403,
            36.50054
          ],
          [
            140.810638,
            36.505302
          ],
          [
            140.816406,
            36.518253
          ],
          [
            140.818022,
            36.521662
          ],
          [
            140.820404,
            36.526242
          ],
          [
            140.824347,
            36.533629
          ],
          [
            140.830851,
            36.546266
          ],
          [
            140.834668,
            36.55331
          ],
          [
            140.836858,
            36.557465
          ],
          [
            140.839161,
            36.561593
          ],
          [
            140.841874,
            36.566649
          ],
          [
            140.853069,
            36.587731
          ],
          [
            140.856657,
            36.594327
          ],
          [
            140.86161,
            36.603745
          ],
          [
            140.862949,
            36.606179
          ],
          [
            140.866722,
            36.613569
          ],
          [
            140.868019,
            36.615957
          ],
          [
            140.872437,
            36.62452
          ],
          [
            140.877789,
            36.634683
          ],
          [
            140.882261,
            36.643044
          ],
          [
            140.887531,
            36.653271
          ],
          [
            140.892749,
            36.662942
          ],
          [
            140.897635,
            36.672161
          ],
          [
            140.905744,
            36.68717
          ],
          [
            140.912147,
            36.699184
          ],
          [
            140.915218,
            36.704882
          ],
          [
            140.917711,
            36.709314
          ],
          [
            140.919621,
            36.71288
          ],
          [
            140.925184,
            36.722831
          ],
          [
            140.931843,
            36.734968
          ],
          [
            140.940389,
            36.750115
          ],
          [
            140.944238,
            36.757147
          ],
          [
            140.947134,
            36.762142
          ],
          [
            140.949427,
            36.766261
          ],
          [
            140.953826,
            36.774368
          ],
          [
            140.957694,
            36.781263
          ],
          [
            140.959536,
            36.784677
          ],
          [
            140.960505,
            36.786581
          ],
          [
            140.962377,
            36.79052
          ],
          [
            140.965969,
            36.798449
          ],
          [
            140.973306,
            36.81421
          ],
          [
            140.979791,
            36.827846
          ],
          [
            140.985936,
            36.840481
          ],
          [
            140.994224,
            36.859366
          ],
          [
            140.998309,
            36.869046
          ],
          [
            141.004121,
            36.882035
          ],
          [
            141.02,
            36.918633
          ],
          [
            141.027121,
            36.93483
          ],
          [
            141.038599,
            36.961796
          ],
          [
            141.040351,
            36.965565
          ],
          [
            141.047699,
            36.980427
          ],
          [
            141.056892,
            36.999405
          ],
          [
            141.066571,
            37.019531
          ],
          [
            141.067389,
            37.021329
          ],
          [
            141.068168,
            37.023469
          ],
          [
            141.068797,
            37.025855
          ],
          [
            141.070988,
            37.036656
          ],
          [
            141.076161,
            37.059886
          ],
          [
            141.07666,
            37.061879
          ],
          [
            141.077146,
            37.063564
          ],
          [
            141.078422,
            37.067615
          ],
          [
            141.079031,
            37.069374
          ],
          [
            141.080474,
            37.073158
          ],
          [
            141.08922,
            37.094864
          ],
          [
            141.092245,
            37.102108
          ],
          [
            141.096034,
            37.110976
          ],
          [
            141.098545,
            37.117178
          ],
          [
            141.101911,
            37.125274
          ],
          [
            141.110115,
            37.144217
          ],
          [
            141.115003,
            37.155046
          ],
          [
            141.115982,
            37.157041
          ],
          [
            141.121068,
            37.166873
          ],
          [
            141.124041,
            37.172844
          ],
          [
            141.127581,
            37.179735
          ],
          [
            141.13507,
            37.193853
          ],
          [
            141.140442,
            37.203655
          ],
          [
            141.145301,
            37.212728
          ],
          [
            141.1526,
            37.226089
          ],
          [
            141.15659,
            37.233219
          ],
          [
            141.167869,
            37.25401
          ],
          [
            141.172368,
            37.262109
          ],
          [
            141.175956,
            37.268722
          ],
          [
            141.180176,
            37.276322
          ],
          [
            141.185712,
            37.286121
          ],
          [
            141.195316,
            37.302879
          ],
          [
            141.196363,
            37.304632
          ],
          [
            141.199939,
            37.310998
          ],
          [
            141.203565,
            37.317155
          ],
          [
            141.20433,
            37.318566
          ],
          [
            141.210104,
            37.328593
          ],
          [
            141.215084,
            37.337111
          ],
          [
            141.219538,
            37.344987
          ],
          [
            141.222246,
            37.349531
          ],
          [
            141.230613,
            37.363917
          ],
          [
            141.243112,
            37.385619
          ],
          [
            141.259768,
            37.41547
          ],
          [
            141.270412,
            37.434669
          ],
          [
            141.275766,
            37.444508
          ],
          [
            141.289774,
            37.469671
          ],
          [
            141.299547,
            37.48762
          ],
          [
            141.304235,
            37.496004
          ],
          [
            141.305226,
            37.497969
          ],
          [
            141.306737,
            37.501173
          ],
          [
            141.310046,
            37.508501
          ],
          [
            141.313155,
            37.515142
          ],
          [
            141.319613,
            37.528722
          ],
          [
            141.325285,
            37.540473
          ],
          [
            141.329489,
            37.549371
          ],
          [
            141.334641,
            37.55979
          ],
          [
            141.336674,
            37.564027
          ],
          [
            141.340642,
            37.571867
          ],
          [
            141.343204,
            37.577301
          ],
          [
            141.348579,
            37.588463
          ],
          [
            141.356286,
            37.604366
          ],
          [
            141.358555,
            37.608872
          ],
          [
            141.360468,
            37.612834
          ],
          [
            141.371864,
            37.637175
          ],
          [
            141.383155,
            37.661549
          ],
          [
            141.39223,
            37.681461
          ],
          [
            141.395286,
            37.688338
          ],
          [
            141.40103,
            37.700576
          ],
          [
            141.40491,
            37.709216
          ],
          [
            141.408715,
            37.717367
          ],
          [
            141.415502,
            37.731659
          ],
          [
            141.417053,
            37.735189
          ],
          [
            141.418341,
            37.73847
          ],
          [
            141.419132,
            37.740602
          ],
          [
            141.421262,
            37.746751
          ],
          [
            141.430312,
            37.77399
          ],
          [
            141.433136,
            37.782325
          ],
          [
            141.434818,
            37.787015
          ],
          [
            141.438402,
            37.796506
          ],
          [
            141.440861,
            37.803388
          ],
          [
            141.446672,
            37.819313
          ],
          [
            141.44921,
            37.826737
          ],
          [
            141.451171,
            37.833004
          ],
          [
            141.453921,
            37.841206
          ],
          [
            141.456932,
            37.849608
          ],
          [
            141.459389,
            37.856655
          ],
          [
            141.462184,
            37.864361
          ],
          [
            141.465981,
            37.875596
          ],
          [
            141.475816,
            37.902835
          ],
          [
            141.508091,
            37.997526
          ],
          [
            141.511508,
            38.006506
          ],
          [
            141.512437,
            38.008696
          ],
          [
            141.514303,
            38.01265
          ],
          [
            141.617149,
            38.208194
          ],
          [
            141.619383,
            38.21328
          ],
          [
            141.624877,
            38.227478
          ],
          [
            141.630119,
            38.241563
          ],
          [
            141.632103,
            38.246627
          ],
          [
            141.9395571,
            39.0338287
          ],
          [
            141.956124,
            39.074084
          ],
          [
            141.9578,
            39.077454
          ],
          [
            141.961452,
            39.084511
          ],
          [
            141.965813,
            39.09265
          ],
          [
            141.972256,
            39.104964
          ],
          [
            141.975968,
            39.112219
          ],
          [
            141.9819877,
            39.1252005
          ],
          [
            142.107289,
            39.5244645
          ],
          [
            141.6099898,
            42.6007902
          ],
          [
            141.6151481,
            42.6123554
          ],
          [
            141.6268788,
            42.6280531
          ],
          [
            141.6326449,
            42.6368992
          ],
          [
            141.633882,
            42.6371301
          ]
        ]
      }
    },
    {
      "type": "Feature",
      "properties": {
        "osmId": 550415108,
        "name": "太平洋フェリー（名古屋―仙台）"
      },
      "geometry": {
        "type": "LineString",
        "coordinates": [
          [
            136.845832,
            35.059025
          ],
          [
            136.845596,
            35.058725
          ],
          [
            136.843836,
            35.05821
          ],
          [
            136.842163,
            35.057652
          ],
          [
            136.84094,
            35.057309
          ],
          [
            136.837893,
            35.056322
          ],
          [
            136.837056,
            35.055828
          ],
          [
            136.836262,
            35.054905
          ],
          [
            136.835017,
            35.052996
          ],
          [
            136.834502,
            35.051794
          ],
          [
            136.834459,
            35.0507
          ],
          [
            136.834545,
            35.049434
          ],
          [
            136.834846,
            35.048275
          ],
          [
            136.83609,
            35.044692
          ],
          [
            136.836476,
            35.043747
          ],
          [
            136.839824,
            35.034349
          ],
          [
            136.84051,
            35.032547
          ],
          [
            136.84197,
            35.029414
          ],
          [
            136.842549,
            35.027783
          ],
          [
            136.84257,
            35.026023
          ],
          [
            136.842399,
            35.0245
          ],
          [
            136.841648,
            35.02244
          ],
          [
            136.838622,
            35.015724
          ],
          [
            136.838043,
            35.014308
          ],
          [
            136.837485,
            35.013192
          ],
          [
            136.836605,
            35.011904
          ],
          [
            136.835768,
            35.010874
          ],
          [
            136.832013,
            35.006561
          ],
          [
            136.830533,
            35.004759
          ],
          [
            136.829374,
            35.003192
          ],
          [
            136.825383,
            34.998064
          ],
          [
            136.823881,
            34.996004
          ],
          [
            136.821435,
            34.992785
          ],
          [
            136.816177,
            34.986026
          ],
          [
            136.80886,
            34.975941
          ],
          [
            136.8015,
            34.966242
          ],
          [
            136.798604,
            34.962595
          ],
          [
            136.788604,
            34.950364
          ],
          [
            136.787531,
            34.948583
          ],
          [
            136.785858,
            34.945214
          ],
          [
            136.782875,
            34.938197
          ],
          [
            136.781781,
            34.934227
          ],
          [
            136.781244,
            34.932597
          ],
          [
            136.780086,
            34.928627
          ],
          [
            136.779506,
            34.926353
          ],
          [
            136.779141,
            34.924464
          ],
          [
            136.778948,
            34.922383
          ],
          [
            136.778841,
            34.920087
          ],
          [
            136.778798,
            34.91792
          ],
          [
            136.778455,
            34.910753
          ],
          [
            136.77794,
            34.895904
          ],
          [
            136.777918,
            34.893415
          ],
          [
            136.778004,
            34.89099
          ],
          [
            136.778219,
            34.888673
          ],
          [
            136.778648,
            34.886205
          ],
          [
            136.779528,
            34.881763
          ],
          [
            136.781159,
            34.872665
          ],
          [
            136.788004,
            34.830716
          ],
          [
            136.796694,
            34.756022
          ],
          [
            136.796973,
            34.753168
          ],
          [
            136.797316,
            34.75085
          ],
          [
            136.797681,
            34.747846
          ],
          [
            136.798153,
            34.744756
          ],
          [
            136.798754,
            34.741988
          ],
          [
            136.80002,
            34.737332
          ],
          [
            136.800835,
            34.735014
          ],
          [
            136.801694,
            34.733212
          ],
          [
            136.80311,
            34.730444
          ],
          [
            136.804569,
            34.728019
          ],
          [
            136.806307,
            34.725595
          ],
          [
            136.808024,
            34.72332
          ],
          [
            136.811392,
            34.719393
          ],
          [
            136.812873,
            34.717913
          ],
          [
            136.814933,
            34.716046
          ],
          [
            136.823967,
            34.707634
          ],
          [
            136.827657,
            34.704309
          ],
          [
            136.830189,
            34.702184
          ],
          [
            136.832786,
            34.700103
          ],
          [
            136.84036,
            34.694288
          ],
          [
            136.843257,
            34.692142
          ],
          [
            136.850939,
            34.686177
          ],
          [
            136.853471,
            34.684267
          ],
          [
            136.857269,
            34.681284
          ],
          [
            136.982603,
            34.585326
          ],
          [
            136.986444,
            34.582279
          ],
          [
            137.008996,
            34.564619
          ],
          [
            137.011721,
            34.562151
          ],
          [
            137.014339,
            34.559898
          ],
          [
            137.022386,
            34.553483
          ],
          [
            137.024746,
            34.55168
          ],
          [
            137.02745,
            34.549792
          ],
          [
            137.028737,
            34.548955
          ],
          [
            137.030411,
            34.548011
          ],
          [
            137.031913,
            34.547238
          ],
          [
            137.035775,
            34.545586
          ],
          [
            137.040732,
            34.543827
          ],
          [
            137.045624,
            34.542153
          ],
          [
            137.048779,
            34.541316
          ],
          [
            137.054873,
            34.539557
          ],
          [
            137.05837,
            34.538677
          ],
          [
            137.138729,
            34.521897
          ],
          [
            137.144094,
            34.520867
          ],
          [
            137.150552,
            34.519708
          ],
          [
            137.157805,
            34.518292
          ],
          [
            137.163148,
            34.517198
          ],
          [
            137.168706,
            34.516146
          ],
          [
            137.184627,
            34.513013
          ],
          [
            137.192094,
            34.51164
          ],
          [
            137.195764,
            34.510889
          ],
          [
            137.204197,
            34.509451
          ],
          [
            137.21602,
            34.507091
          ],
          [
            137.220397,
            34.506447
          ],
          [
            137.223466,
            34.506233
          ],
          [
            137.226341,
            34.506276
          ],
          [
            138.536761,
            34.483702
          ],
          [
            138.54249,
            34.483831
          ],
          [
            138.548305,
            34.484046
          ],
          [
            138.57311,
            34.484797
          ],
          [
            138.581607,
            34.484947
          ],
          [
            138.583539,
            34.485075
          ],
          [
            138.585813,
            34.485161
          ],
          [
            138.588538,
            34.485354
          ],
          [
            138.593495,
            34.485998
          ],
          [
            138.599503,
            34.487093
          ],
          [
            138.60667,
            34.488337
          ],
          [
            138.608923,
            34.48868
          ],
          [
            138.680742,
            34.501362
          ],
          [
            138.686278,
            34.502242
          ],
          [
            138.692586,
            34.5034
          ],
          [
            138.695719,
            34.503894
          ],
          [
            138.705955,
            34.505696
          ],
          [
            138.710182,
            34.50634
          ],
          [
            138.713744,
            34.50707
          ],
          [
            138.716898,
            34.507563
          ],
          [
            138.723142,
            34.508679
          ],
          [
            138.726511,
            34.509108
          ],
          [
            138.733506,
            34.509902
          ],
          [
            138.741896,
            34.510481
          ],
          [
            138.744943,
            34.510632
          ],
          [
            138.767066,
            34.511168
          ],
          [
            138.770027,
            34.511318
          ],
          [
            138.828907,
            34.512777
          ],
          [
            138.833456,
            34.512842
          ],
          [
            138.839057,
            34.513056
          ],
          [
            139.063268,
            34.529836
          ],
          [
            139.068353,
            34.530759
          ],
          [
            139.075713,
            34.532647
          ],
          [
            139.081721,
            34.533935
          ],
          [
            139.088974,
            34.535587
          ],
          [
            139.095068,
            34.536896
          ],
          [
            139.098072,
            34.537497
          ],
          [
            139.106162,
            34.53932
          ],
          [
            139.111505,
            34.540458
          ],
          [
            139.118049,
            34.542046
          ],
          [
            139.128907,
            34.544449
          ],
          [
            139.137018,
            34.54608
          ],
          [
            139.144356,
            34.54771
          ],
          [
            139.147596,
            34.548376
          ],
          [
            139.169676,
            34.553611
          ],
          [
            139.182487,
            34.556444
          ],
          [
            139.184439,
            34.556937
          ],
          [
            139.186328,
            34.557302
          ],
          [
            139.186778,
            34.557474
          ],
          [
            139.191992,
            34.558675
          ],
          [
            139.193988,
            34.559083
          ],
          [
            139.194567,
            34.559104
          ],
          [
            139.195511,
            34.559319
          ],
          [
            139.197679,
            34.55992
          ],
          [
            139.200833,
            34.560628
          ],
          [
            139.203022,
            34.561186
          ],
          [
            139.204845,
            34.561594
          ],
          [
            139.209309,
            34.562473
          ],
          [
            139.21448,
            34.56301
          ],
          [
            139.221261,
            34.563353
          ],
          [
            139.224544,
            34.563568
          ],
          [
            139.23171,
            34.564104
          ],
          [
            139.235745,
            34.56434
          ],
          [
            139.244628,
            34.565005
          ],
          [
            139.257009,
            34.565821
          ],
          [
            139.272673,
            34.566915
          ],
          [
            139.275291,
            34.567215
          ],
          [
            139.27778,
            34.567645
          ],
          [
            139.27999,
            34.568074
          ],
          [
            139.289517,
            34.570241
          ],
          [
            139.307134,
            34.574039
          ],
          [
            139.320138,
            34.576914
          ],
          [
            139.329772,
            34.579103
          ],
          [
            139.336166,
            34.580476
          ],
          [
            139.344299,
            34.582343
          ],
          [
            139.353375,
            34.584317
          ],
          [
            139.364533,
            34.586849
          ],
          [
            139.372108,
            34.588501
          ],
          [
            139.380112,
            34.590433
          ],
          [
            139.385712,
            34.591656
          ],
          [
            139.387364,
            34.591978
          ],
          [
            139.393115,
            34.593308
          ],
          [
            139.398286,
            34.594424
          ],
          [
            139.404016,
            34.595776
          ],
          [
            139.407191,
            34.596462
          ],
          [
            139.418864,
            34.599123
          ],
          [
            139.421547,
            34.599681
          ],
          [
            139.42807,
            34.601161
          ],
          [
            139.629386,
            34.656243
          ],
          [
            139.636746,
            34.658067
          ],
          [
            139.645886,
            34.660428
          ],
          [
            139.650242,
            34.661436
          ],
          [
            139.652538,
            34.662015
          ],
          [
            139.656336,
            34.663088
          ],
          [
            139.660778,
            34.664612
          ],
          [
            139.674854,
            34.669204
          ],
          [
            139.680412,
            34.670942
          ],
          [
            139.690647,
            34.674053
          ],
          [
            139.693201,
            34.67489
          ],
          [
            139.702191,
            34.677658
          ],
          [
            139.705303,
            34.678667
          ],
          [
            139.708715,
            34.679868
          ],
          [
            139.711719,
            34.681091
          ],
          [
            139.716396,
            34.683044
          ],
          [
            139.718156,
            34.683859
          ],
          [
            139.731417,
            34.690554
          ],
          [
            139.735708,
            34.692657
          ],
          [
            139.738004,
            34.693902
          ],
          [
            139.741609,
            34.695661
          ],
          [
            139.745042,
            34.697421
          ],
          [
            139.752832,
            34.701262
          ],
          [
            139.759934,
            34.704695
          ],
          [
            139.764891,
            34.707205
          ],
          [
            139.767594,
            34.70845
          ],
          [
            139.770491,
            34.709609
          ],
          [
            139.776242,
            34.711518
          ],
          [
            139.782143,
            34.713364
          ],
          [
            139.794052,
            34.716969
          ],
          [
            139.796712,
            34.717848
          ],
          [
            139.801927,
            34.719479
          ],
          [
            139.813814,
            34.723127
          ],
          [
            139.817269,
            34.724114
          ],
          [
            139.837418,
            34.730272
          ],
          [
            139.847202,
            34.733169
          ],
          [
            139.850743,
            34.734178
          ],
          [
            139.856472,
            34.735959
          ],
          [
            139.862652,
            34.73774
          ],
          [
            139.865742,
            34.738705
          ],
          [
            139.872115,
            34.740572
          ],
          [
            139.878016,
            34.742396
          ],
          [
            139.880977,
            34.743254
          ],
          [
            139.887714,
            34.7454
          ],
          [
            139.894924,
            34.747546
          ],
          [
            139.90664,
            34.751151
          ],
          [
            139.915352,
            34.753726
          ],
          [
            139.921532,
            34.755657
          ],
          [
            139.938076,
            34.760592
          ],
          [
            139.95256,
            34.765141
          ],
          [
            139.955628,
            34.76615
          ],
          [
            139.961507,
            34.767866
          ],
          [
            139.963224,
            34.768531
          ],
          [
            139.967923,
            34.769948
          ],
          [
            139.970584,
            34.770699
          ],
          [
            139.987793,
            34.776084
          ],
          [
            139.995325,
            34.778659
          ],
          [
            140.000839,
            34.780462
          ],
          [
            140.003436,
            34.781363
          ],
          [
            140.009487,
            34.783187
          ],
          [
            140.015667,
            34.785182
          ],
          [
            140.018799,
            34.786255
          ],
          [
            140.020473,
            34.786878
          ],
          [
            140.025365,
            34.788916
          ],
          [
            140.027855,
            34.790139
          ],
          [
            140.033627,
            34.793358
          ],
          [
            140.042939,
            34.7984
          ],
          [
            140.055943,
            34.805739
          ],
          [
            140.058539,
            34.807091
          ],
          [
            140.06062,
            34.808314
          ],
          [
            140.070427,
            34.813764
          ],
          [
            140.07313,
            34.815202
          ],
          [
            140.081413,
            34.819751
          ],
          [
            140.087528,
            34.823248
          ],
          [
            140.094287,
            34.827518
          ],
          [
            140.100918,
            34.831617
          ],
          [
            140.11332,
            34.839385
          ],
          [
            140.133298,
            34.852002
          ],
          [
            140.139091,
            34.855735
          ],
          [
            140.144692,
            34.85919
          ],
          [
            140.148254,
            34.861636
          ],
          [
            140.166621,
            34.875648
          ],
          [
            140.174196,
            34.881785
          ],
          [
            140.178595,
            34.885433
          ],
          [
            140.181062,
            34.887514
          ],
          [
            140.183272,
            34.88951
          ],
          [
            140.187221,
            34.892943
          ],
          [
            140.191855,
            34.897213
          ],
          [
            140.203142,
            34.90747
          ],
          [
            140.205739,
            34.909894
          ],
          [
            140.208335,
            34.912405
          ],
          [
            140.216017,
            34.919486
          ],
          [
            140.224128,
            34.926782
          ],
          [
            140.226317,
            34.928863
          ],
          [
            140.233955,
            34.935472
          ],
          [
            140.236273,
            34.937725
          ],
          [
            140.241745,
            34.943283
          ],
          [
            140.254941,
            34.956393
          ],
          [
            140.269296,
            34.970813
          ],
          [
            140.275176,
            34.976671
          ],
          [
            140.278308,
            34.979718
          ],
          [
            140.284188,
            34.985704
          ],
          [
            140.301397,
            35.002828
          ],
          [
            140.313349,
            35.013535
          ],
          [
            140.319507,
            35.018621
          ],
          [
            140.325987,
            35.024242
          ],
          [
            140.332575,
            35.029821
          ],
          [
            140.339205,
            35.035615
          ],
          [
            140.345728,
            35.041559
          ],
          [
            140.353475,
            35.048339
          ],
          [
            140.362358,
            35.055957
          ],
          [
            140.364997,
            35.058339
          ],
          [
            140.369997,
            35.062695
          ],
          [
            140.372293,
            35.064626
          ],
          [
            140.374632,
            35.066707
          ],
          [
            140.379911,
            35.071042
          ],
          [
            140.38491,
            35.07544
          ],
          [
            140.387957,
            35.078316
          ],
          [
            140.390897,
            35.080977
          ],
          [
            140.400317,
            35.089302
          ],
          [
            140.403621,
            35.091791
          ],
          [
            140.414908,
            35.099731
          ],
          [
            140.422053,
            35.104644
          ],
          [
            140.425465,
            35.107048
          ],
          [
            140.436215,
            35.114236
          ],
          [
            140.442417,
            35.118549
          ],
          [
            140.451622,
            35.125265
          ],
          [
            140.457394,
            35.129364
          ],
          [
            140.463531,
            35.133805
          ],
          [
            140.465977,
            35.135372
          ],
          [
            140.471449,
            35.139513
          ],
          [
            140.475419,
            35.141208
          ],
          [
            140.527883,
            35.186999
          ],
          [
            140.535865,
            35.193629
          ],
          [
            140.538783,
            35.19629
          ],
          [
            140.543718,
            35.200624
          ],
          [
            140.548353,
            35.20483
          ],
          [
            140.549877,
            35.205903
          ],
          [
            140.558589,
            35.211267
          ],
          [
            140.565047,
            35.215087
          ],
          [
            140.575969,
            35.220752
          ],
          [
            140.579639,
            35.222812
          ],
          [
            140.584767,
            35.226309
          ],
          [
            140.589402,
            35.229871
          ],
          [
            140.592685,
            35.232553
          ],
          [
            140.595217,
            35.234528
          ],
          [
            140.597577,
            35.236824
          ],
          [
            140.607984,
            35.247853
          ],
          [
            140.609422,
            35.249441
          ],
          [
            140.616739,
            35.257123
          ],
          [
            140.619378,
            35.259976
          ],
          [
            140.622296,
            35.262959
          ],
          [
            140.635815,
            35.277185
          ],
          [
            140.640557,
            35.282013
          ],
          [
            140.641608,
            35.283215
          ],
          [
            140.646222,
            35.288064
          ],
          [
            140.6515,
            35.293322
          ],
          [
            140.65311,
            35.295017
          ],
          [
            140.860219,
            35.513155
          ],
          [
            140.872407,
            35.529656
          ],
          [
            140.874639,
            35.532854
          ],
          [
            140.879188,
            35.540214
          ],
          [
            140.88187,
            35.54472
          ],
          [
            140.89011,
            35.558131
          ],
          [
            140.892685,
            35.562551
          ],
          [
            140.895839,
            35.567679
          ],
          [
            140.897427,
            35.570426
          ],
          [
            140.900216,
            35.575018
          ],
          [
            140.904272,
            35.58197
          ],
          [
            140.908113,
            35.588601
          ],
          [
            140.910108,
            35.592184
          ],
          [
            140.916653,
            35.603063
          ],
          [
            140.923755,
            35.614178
          ],
          [
            140.927897,
            35.620401
          ],
          [
            140.932725,
            35.627911
          ],
          [
            140.932982,
            35.62819
          ],
          [
            140.935235,
            35.632825
          ],
          [
            140.939484,
            35.639026
          ],
          [
            140.941029,
            35.64115
          ],
          [
            140.942767,
            35.643661
          ],
          [
            140.945535,
            35.647738
          ],
          [
            140.947015,
            35.650077
          ],
          [
            140.951264,
            35.6563
          ],
          [
            140.955813,
            35.66323
          ],
          [
            140.958624,
            35.667608
          ],
          [
            140.961692,
            35.672028
          ],
          [
            140.965984,
            35.67868
          ],
          [
            140.96755,
            35.680997
          ],
          [
            140.968945,
            35.683229
          ],
          [
            140.97034,
            35.685246
          ],
          [
            140.971584,
            35.687199
          ],
          [
            140.973516,
            35.690031
          ],
          [
            140.977614,
            35.696747
          ],
          [
            140.979052,
            35.698636
          ],
          [
            140.980296,
            35.701296
          ],
          [
            140.981112,
            35.703764
          ],
          [
            140.982077,
            35.707197
          ],
          [
            140.982614,
            35.709965
          ],
          [
            140.982807,
            35.71166
          ],
          [
            140.982957,
            35.714085
          ],
          [
            140.983472,
            35.718119
          ],
          [
            140.984266,
            35.72578
          ],
          [
            140.985017,
            35.731702
          ],
          [
            140.985961,
            35.741787
          ],
          [
            140.986326,
            35.746336
          ],
          [
            140.987227,
            35.753975
          ],
          [
            140.987485,
            35.75685
          ],
          [
            140.987678,
            35.760005
          ],
          [
            140.987935,
            35.762408
          ],
          [
            140.988557,
            35.769811
          ],
          [
            140.989266,
            35.775497
          ],
          [
            140.990145,
            35.783329
          ],
          [
            140.990789,
            35.790281
          ],
          [
            140.992355,
            35.805302
          ],
          [
            140.993278,
            35.813606
          ],
          [
            140.993536,
            35.816481
          ],
          [
            140.993707,
            35.81912
          ],
          [
            140.994115,
            35.822103
          ],
          [
            140.994587,
            35.827038
          ],
          [
            140.995188,
            35.832081
          ],
          [
            140.995703,
            35.837853
          ],
          [
            140.99654,
            35.8462
          ],
          [
            140.998793,
            35.866306
          ],
          [
            140.999136,
            35.868967
          ],
          [
            140.999415,
            35.871928
          ],
          [
            141.000037,
            35.87697
          ],
          [
            141.001475,
            35.889866
          ],
          [
            141.002183,
            35.895617
          ],
          [
            141.002719,
            35.900917
          ],
          [
            141.002913,
            35.904136
          ],
          [
            141.003213,
            35.907655
          ],
          [
            141.004071,
            35.912912
          ],
          [
            141.004801,
            35.918791
          ],
          [
            141.00596,
            35.926816
          ],
          [
            141.007118,
            35.934305
          ],
          [
            141.007268,
            35.934927
          ],
          [
            141.007397,
            35.935915
          ],
          [
            141.007333,
            35.936472
          ],
          [
            141.008534,
            35.943124
          ],
          [
            141.010294,
            35.95499
          ],
          [
            141.011388,
            35.962801
          ],
          [
            141.013899,
            35.978808
          ],
          [
            141.015551,
            35.99031
          ],
          [
            141.017954,
            36.005244
          ],
          [
            141.018512,
            36.009257
          ],
          [
            141.021559,
            36.029234
          ],
          [
            141.022031,
            36.032839
          ],
          [
            141.023834,
            36.044812
          ],
          [
            141.025357,
            36.055391
          ],
          [
            141.025937,
            36.060541
          ],
          [
            141.027246,
            36.069059
          ],
          [
            141.027997,
            36.074488
          ],
          [
            141.028555,
            36.077664
          ],
          [
            141.029584,
            36.085131
          ],
          [
            141.030679,
            36.094143
          ],
          [
            141.031194,
            36.097341
          ],
          [
            141.03394,
            36.117661
          ],
          [
            141.034992,
            36.126351
          ],
          [
            141.035185,
            36.129012
          ],
          [
            141.036408,
            36.137595
          ],
          [
            141.036966,
            36.142252
          ],
          [
            141.037395,
            36.145234
          ],
          [
            141.037953,
            36.150749
          ],
          [
            141.038683,
            36.156285
          ],
          [
            141.039348,
            36.161971
          ],
          [
            141.040614,
            36.17388
          ],
          [
            141.040936,
            36.176176
          ],
          [
            141.041451,
            36.181304
          ],
          [
            141.041815,
            36.183815
          ],
          [
            141.042116,
            36.186497
          ],
          [
            141.042953,
            36.195188
          ],
          [
            141.053166,
            36.29267
          ],
          [
            141.054068,
            36.301296
          ],
          [
            141.054475,
            36.307368
          ],
          [
            141.054969,
            36.312475
          ],
          [
            141.055098,
            36.3149
          ],
          [
            141.055527,
            36.320071
          ],
          [
            141.055698,
            36.323311
          ],
          [
            141.05602,
            36.326122
          ],
          [
            141.056235,
            36.32874
          ],
          [
            141.056471,
            36.331851
          ],
          [
            141.056557,
            36.334705
          ],
          [
            141.057243,
            36.342452
          ],
          [
            141.057651,
            36.348417
          ],
          [
            141.069753,
            36.531558
          ],
          [
            141.070204,
            36.53615
          ],
          [
            141.070998,
            36.547265
          ],
          [
            141.071298,
            36.554883
          ],
          [
            141.071127,
            36.55632
          ],
          [
            141.071491,
            36.557307
          ],
          [
            141.071749,
            36.559303
          ],
          [
            141.077757,
            36.658845
          ],
          [
            141.078658,
            36.67114
          ],
          [
            141.078701,
            36.673179
          ],
          [
            141.07883,
            36.675282
          ],
          [
            141.079495,
            36.68247
          ],
          [
            141.079753,
            36.686783
          ],
          [
            141.079774,
            36.68925
          ],
          [
            141.130714,
            37.125013
          ],
          [
            141.130951,
            37.128553
          ],
          [
            141.131508,
            37.135656
          ],
          [
            141.13168,
            37.137008
          ],
          [
            141.132453,
            37.146213
          ],
          [
            141.13256,
            37.148788
          ],
          [
            141.132903,
            37.153595
          ],
          [
            141.133246,
            37.156727
          ],
          [
            141.13404,
            37.166984
          ],
          [
            141.134512,
            37.17164
          ],
          [
            141.134813,
            37.175996
          ],
          [
            141.135006,
            37.177563
          ],
          [
            141.135736,
            37.189386
          ],
          [
            141.135929,
            37.191145
          ],
          [
            141.135993,
            37.193313
          ],
          [
            141.135607,
            37.20387
          ],
          [
            141.135371,
            37.207453
          ],
          [
            141.135135,
            37.213612
          ],
          [
            141.135092,
            37.216873
          ],
          [
            141.134706,
            37.227645
          ],
          [
            141.134598,
            37.234662
          ],
          [
            141.134319,
            37.245176
          ],
          [
            141.134319,
            37.251484
          ],
          [
            141.134148,
            37.258265
          ],
          [
            141.13404,
            37.269273
          ],
          [
            141.133697,
            37.28086
          ],
          [
            141.133719,
            37.286482
          ],
          [
            141.133654,
            37.293885
          ],
          [
            141.133525,
            37.298884
          ],
          [
            141.13344,
            37.309613
          ],
          [
            141.133525,
            37.314506
          ],
          [
            141.133268,
            37.339718
          ],
          [
            141.133246,
            37.345705
          ],
          [
            141.133289,
            37.348645
          ],
          [
            141.133182,
            37.355254
          ],
          [
            141.133225,
            37.358601
          ],
          [
            141.133161,
            37.361434
          ],
          [
            141.133182,
            37.366197
          ],
          [
            141.133139,
            37.368751
          ],
          [
            141.133204,
            37.37375
          ],
          [
            141.133096,
            37.382376
          ],
          [
            141.133182,
            37.399199
          ],
          [
            141.133053,
            37.411881
          ],
          [
            141.133075,
            37.417288
          ],
          [
            141.132753,
            37.483678
          ],
          [
            141.132817,
            37.488849
          ],
          [
            141.13301,
            37.494471
          ],
          [
            141.133096,
            37.500372
          ],
          [
            141.133311,
            37.503204
          ],
          [
            141.133568,
            37.505887
          ],
          [
            141.133761,
            37.508998
          ],
          [
            141.134448,
            37.515306
          ],
          [
            141.134706,
            37.51859
          ],
          [
            141.135414,
            37.52537
          ],
          [
            141.13713,
            37.543931
          ],
          [
            141.137409,
            37.54627
          ],
          [
            141.137688,
            37.550583
          ],
          [
            141.137989,
            37.552793
          ],
          [
            141.138203,
            37.555218
          ],
          [
            141.137924,
            37.617939
          ],
          [
            141.13786,
            37.619677
          ],
          [
            141.137946,
            37.623174
          ],
          [
            141.138074,
            37.62562
          ],
          [
            141.138525,
            37.630169
          ],
          [
            141.139512,
            37.639053
          ],
          [
            141.139641,
            37.641263
          ],
          [
            141.139598,
            37.643001
          ],
          [
            141.139491,
            37.645619
          ],
          [
            141.139062,
            37.650254
          ],
          [
            141.123419,
            37.797711
          ],
          [
            141.123076,
            37.801938
          ],
          [
            141.122174,
            37.811272
          ],
          [
            141.113205,
            37.891717
          ],
          [
            141.112862,
            37.894592
          ],
          [
            141.11181,
            37.906437
          ],
          [
            141.111682,
            37.90884
          ],
          [
            141.111703,
            37.911093
          ],
          [
            141.111853,
            37.915964
          ],
          [
            141.111896,
            37.922552
          ],
          [
            141.112089,
            37.929268
          ],
          [
            141.112132,
            37.933881
          ],
          [
            141.112025,
            37.936177
          ],
          [
            141.112025,
            37.938216
          ],
          [
            141.112175,
            37.944953
          ],
          [
            141.112154,
            37.947378
          ],
          [
            141.113677,
            38.000722
          ],
          [
            141.113699,
            38.002439
          ],
          [
            141.113613,
            38.004112
          ],
          [
            141.11372,
            38.00555
          ],
          [
            141.11372,
            38.007567
          ],
          [
            141.113613,
            38.010314
          ],
          [
            141.113505,
            38.01203
          ],
          [
            141.112433,
            38.024454
          ],
          [
            141.112197,
            38.026557
          ],
          [
            141.111188,
            38.037457
          ],
          [
            141.110759,
            38.041363
          ],
          [
            141.110652,
            38.042908
          ],
          [
            141.110201,
            38.046641
          ],
          [
            141.109858,
            38.050032
          ],
          [
            141.109536,
            38.052413
          ],
          [
            141.089687,
            38.218753
          ],
          [
            141.0884,
            38.228302
          ],
          [
            141.088057,
            38.230169
          ],
          [
            141.087842,
            38.232358
          ],
          [
            141.08752,
            38.234396
          ],
          [
            141.087263,
            38.236799
          ],
          [
            141.086898,
            38.239503
          ],
          [
            141.085997,
            38.248515
          ],
          [
            141.085696,
            38.250446
          ],
          [
            141.084731,
            38.252828
          ],
          [
            141.0834,
            38.255124
          ],
          [
            141.082091,
            38.257012
          ],
          [
            141.080718,
            38.258686
          ],
          [
            141.078615,
            38.260553
          ],
          [
            141.076362,
            38.262033
          ],
          [
            141.073208,
            38.263428
          ],
          [
            141.07044,
            38.264244
          ],
          [
            141.065548,
            38.26493
          ],
          [
            141.054325,
            38.266304
          ],
          [
            141.049862,
            38.266733
          ],
          [
            141.044154,
            38.267205
          ],
          [
            141.039369,
            38.26772
          ],
          [
            141.033211,
            38.268449
          ],
          [
            141.009634,
            38.270392
          ],
          [
            141.009012,
            38.270718
          ],
          [
            141.0080197,
            38.2713115
          ],
          [
            141.0071554,
            38.2723188
          ],
          [
            141.0066329,
            38.2728917
          ],
          [
            141.0067615,
            38.2734276
          ],
          [
            141.006445,
            38.2733245
          ],
          [
            141.0061258,
            38.2733771
          ],
          [
            141.0055201,
            38.2735698
          ]
        ]
      }
    },
    {
      "type": "Feature",
      "properties": {
        "osmId": 550415117,
        "name": "新日本海フェリー（新潟―小樽）"
      },
      "geometry": {
        "type": "LineString",
        "coordinates": [
          [
            139.068916,
            37.9380752
          ],
          [
            139.0686652,
            37.938054
          ],
          [
            139.0680246,
            37.9381443
          ],
          [
            139.066842,
            37.93856
          ],
          [
            139.066758,
            37.938584
          ],
          [
            139.066639,
            37.938626
          ],
          [
            139.066532,
            37.938696
          ],
          [
            139.066284,
            37.93876
          ],
          [
            139.066041,
            37.938798
          ],
          [
            139.065762,
            37.938866
          ],
          [
            139.065505,
            37.938908
          ],
          [
            139.065247,
            37.938945
          ],
          [
            139.0649977,
            37.9386312
          ],
          [
            139.0648374,
            37.9384996
          ],
          [
            139.0646091,
            37.9384545
          ],
          [
            139.0643765,
            37.9385177
          ],
          [
            139.064235,
            37.9386582
          ],
          [
            139.0643089,
            37.9390092
          ],
          [
            139.0644438,
            37.9390889
          ],
          [
            139.0646052,
            37.9391205
          ],
          [
            139.0648358,
            37.9390877
          ],
          [
            139.0649766,
            37.9389901
          ],
          [
            139.0651304,
            37.9390357
          ],
          [
            139.0651588,
            37.9391754
          ],
          [
            139.0652612,
            37.9392839
          ],
          [
            139.0653706,
            37.9394579
          ],
          [
            139.0654377,
            37.9395988
          ],
          [
            139.0654855,
            37.9397322
          ],
          [
            139.0655182,
            37.9398616
          ],
          [
            139.06561,
            37.94017
          ],
          [
            139.065691,
            37.940836
          ],
          [
            139.065816,
            37.941284
          ],
          [
            139.066045,
            37.941936
          ],
          [
            139.066394,
            37.943082
          ],
          [
            139.066563,
            37.943681
          ],
          [
            139.066688,
            37.944261
          ],
          [
            139.066801,
            37.944989
          ],
          [
            139.06689,
            37.945649
          ],
          [
            139.066977,
            37.946358
          ],
          [
            139.067073,
            37.947019
          ],
          [
            139.067178,
            37.947554
          ],
          [
            139.067438,
            37.949026
          ],
          [
            139.067561,
            37.949772
          ],
          [
            139.068108,
            37.952575
          ],
          [
            139.068429,
            37.953759
          ],
          [
            139.06872,
            37.95474
          ],
          [
            139.069002,
            37.955519
          ],
          [
            139.06939,
            37.95643
          ],
          [
            139.069834,
            37.957441
          ],
          [
            139.070295,
            37.958414
          ],
          [
            139.070813,
            37.959468
          ],
          [
            139.071798,
            37.961289
          ],
          [
            139.072399,
            37.96244
          ],
          [
            139.072988,
            37.963523
          ],
          [
            139.073521,
            37.964481
          ],
          [
            139.074265,
            37.965803
          ],
          [
            139.074918,
            37.966913
          ],
          [
            139.076124,
            37.968787
          ],
          [
            139.076826,
            37.969818
          ],
          [
            139.077299,
            37.97049
          ],
          [
            139.078024,
            37.971419
          ],
          [
            139.07876,
            37.972384
          ],
          [
            139.07958,
            37.973424
          ],
          [
            139.080345,
            37.974436
          ],
          [
            139.080954,
            37.975276
          ],
          [
            139.081482,
            37.976054
          ],
          [
            139.082331,
            37.977262
          ],
          [
            139.083133,
            37.978482
          ],
          [
            139.083784,
            37.97958
          ],
          [
            139.08447,
            37.981057
          ],
          [
            139.085008,
            37.982579
          ],
          [
            139.085546,
            37.984177
          ],
          [
            139.094416,
            38.010589
          ],
          [
            139.095459,
            38.013802
          ],
          [
            139.096518,
            38.017008
          ],
          [
            139.097046,
            38.018788
          ],
          [
            139.097422,
            38.020332
          ],
          [
            139.097629,
            38.021917
          ],
          [
            139.097682,
            38.023597
          ],
          [
            139.097562,
            38.025286
          ],
          [
            139.097372,
            38.026796
          ],
          [
            139.096713,
            38.032104
          ],
          [
            139.09629,
            38.0352
          ],
          [
            139.102613,
            38.21059
          ],
          [
            139.102721,
            38.211915
          ],
          [
            139.10286,
            38.213869
          ],
          [
            139.103186,
            38.21928
          ],
          [
            139.10494,
            38.246912
          ],
          [
            139.105062,
            38.248758
          ],
          [
            139.105289,
            38.252329
          ],
          [
            139.105424,
            38.254069
          ],
          [
            139.105599,
            38.256153
          ],
          [
            139.105767,
            38.258066
          ],
          [
            139.105953,
            38.259972
          ],
          [
            139.106133,
            38.26171
          ],
          [
            139.106299,
            38.263539
          ],
          [
            139.106437,
            38.265185
          ],
          [
            139.106593,
            38.267177
          ],
          [
            139.106855,
            38.270811
          ],
          [
            139.107133,
            38.274882
          ],
          [
            139.107279,
            38.276632
          ],
          [
            139.10741,
            38.278285
          ],
          [
            139.107561,
            38.279925
          ],
          [
            139.1078,
            38.28217
          ],
          [
            139.107978,
            38.283976
          ],
          [
            139.108426,
            38.288197
          ],
          [
            139.108614,
            38.290009
          ],
          [
            139.108775,
            38.291902
          ],
          [
            139.108888,
            38.293623
          ],
          [
            139.109029,
            38.295512
          ],
          [
            139.109161,
            38.297151
          ],
          [
            139.109316,
            38.298701
          ],
          [
            139.109613,
            38.302119
          ],
          [
            139.110086,
            38.307247
          ],
          [
            139.110209,
            38.308961
          ],
          [
            139.11065,
            38.314251
          ],
          [
            139.110931,
            38.318362
          ],
          [
            139.111068,
            38.320154
          ],
          [
            139.111245,
            38.32212
          ],
          [
            139.111406,
            38.323745
          ],
          [
            139.111539,
            38.325215
          ],
          [
            139.11167,
            38.326942
          ],
          [
            139.111771,
            38.328565
          ],
          [
            139.111866,
            38.330204
          ],
          [
            139.111976,
            38.331862
          ],
          [
            139.112075,
            38.333492
          ],
          [
            139.112194,
            38.334954
          ],
          [
            139.11235,
            38.336676
          ],
          [
            139.112634,
            38.340069
          ],
          [
            139.112846,
            38.343697
          ],
          [
            139.112915,
            38.345169
          ],
          [
            139.113024,
            38.346992
          ],
          [
            139.113133,
            38.348638
          ],
          [
            139.113252,
            38.35063
          ],
          [
            139.113413,
            38.352874
          ],
          [
            139.113647,
            38.356256
          ],
          [
            139.195128,
            39.144586
          ],
          [
            139.195554,
            39.146755
          ],
          [
            139.19602,
            39.14902
          ],
          [
            139.19685,
            39.153264
          ],
          [
            139.197566,
            39.157272
          ],
          [
            139.197941,
            39.159186
          ],
          [
            139.198351,
            39.161177
          ],
          [
            139.199168,
            39.165741
          ],
          [
            139.199571,
            39.167836
          ],
          [
            139.200057,
            39.170296
          ],
          [
            139.20046,
            39.172383
          ],
          [
            139.200926,
            39.174938
          ],
          [
            139.201374,
            39.177486
          ],
          [
            139.201765,
            39.179563
          ],
          [
            139.202272,
            39.182188
          ],
          [
            139.202729,
            39.184631
          ],
          [
            139.203129,
            39.186804
          ],
          [
            139.203527,
            39.189077
          ],
          [
            139.203974,
            39.191531
          ],
          [
            139.204437,
            39.193895
          ],
          [
            139.204942,
            39.196542
          ],
          [
            139.205387,
            39.198982
          ],
          [
            139.206148,
            39.203245
          ],
          [
            139.206593,
            39.205625
          ],
          [
            139.206976,
            39.207805
          ],
          [
            139.207365,
            39.209905
          ],
          [
            139.207783,
            39.212086
          ],
          [
            139.208159,
            39.214088
          ],
          [
            139.208487,
            39.216002
          ],
          [
            139.209186,
            39.219923
          ],
          [
            139.209523,
            39.221931
          ],
          [
            139.209872,
            39.223945
          ],
          [
            139.210314,
            39.226317
          ],
          [
            139.210678,
            39.228321
          ],
          [
            139.211116,
            39.230598
          ],
          [
            139.211534,
            39.232876
          ],
          [
            139.211891,
            39.234886
          ],
          [
            139.212419,
            39.237521
          ],
          [
            139.212848,
            39.239626
          ],
          [
            139.213273,
            39.241821
          ],
          [
            139.213693,
            39.243924
          ],
          [
            139.214416,
            39.247767
          ],
          [
            139.214761,
            39.249691
          ],
          [
            139.215147,
            39.251711
          ],
          [
            139.215566,
            39.254091
          ],
          [
            139.216363,
            39.258675
          ],
          [
            139.216758,
            39.260975
          ],
          [
            139.217208,
            39.263362
          ],
          [
            139.218056,
            39.267736
          ],
          [
            139.218533,
            39.270308
          ],
          [
            139.218892,
            39.272309
          ],
          [
            139.219306,
            39.274693
          ],
          [
            139.219691,
            39.27679
          ],
          [
            139.220071,
            39.278905
          ],
          [
            139.220502,
            39.281187
          ],
          [
            139.220951,
            39.283474
          ],
          [
            139.221702,
            39.28759
          ],
          [
            139.222047,
            39.289699
          ],
          [
            139.222465,
            39.292091
          ],
          [
            139.223207,
            39.296137
          ],
          [
            139.22364,
            39.298452
          ],
          [
            139.224092,
            39.300947
          ],
          [
            139.224798,
            39.305004
          ],
          [
            139.225173,
            39.307223
          ],
          [
            139.225557,
            39.30943
          ],
          [
            139.226018,
            39.311813
          ],
          [
            139.226368,
            39.313753
          ],
          [
            139.22676,
            39.316037
          ],
          [
            139.227528,
            39.320348
          ],
          [
            139.227908,
            39.322444
          ],
          [
            139.228315,
            39.324742
          ],
          [
            139.229037,
            39.329033
          ],
          [
            139.229411,
            39.331221
          ],
          [
            139.229797,
            39.333317
          ],
          [
            139.230173,
            39.335421
          ],
          [
            139.230504,
            39.337518
          ],
          [
            139.231148,
            39.341937
          ],
          [
            139.231485,
            39.344132
          ],
          [
            139.231893,
            39.346604
          ],
          [
            139.232311,
            39.349094
          ],
          [
            139.232672,
            39.351099
          ],
          [
            139.233053,
            39.353301
          ],
          [
            139.23391,
            39.358068
          ],
          [
            139.234302,
            39.360277
          ],
          [
            139.234633,
            39.362578
          ],
          [
            139.234931,
            39.364513
          ],
          [
            139.23529,
            39.366906
          ],
          [
            139.235602,
            39.369038
          ],
          [
            139.23608,
            39.371711
          ],
          [
            139.236962,
            39.376783
          ],
          [
            139.237362,
            39.379007
          ],
          [
            139.238897,
            39.388191
          ],
          [
            139.239253,
            39.390228
          ],
          [
            139.239594,
            39.392363
          ],
          [
            139.239968,
            39.394774
          ],
          [
            139.243411,
            39.415795
          ],
          [
            139.24376,
            39.418011
          ],
          [
            139.244164,
            39.420501
          ],
          [
            139.244609,
            39.422984
          ],
          [
            139.244953,
            39.425006
          ],
          [
            139.245397,
            39.427767
          ],
          [
            139.245798,
            39.430357
          ],
          [
            139.246178,
            39.433021
          ],
          [
            139.247031,
            39.438077
          ],
          [
            139.247447,
            39.44065
          ],
          [
            139.24789,
            39.4435
          ],
          [
            139.248263,
            39.446058
          ],
          [
            139.248643,
            39.448533
          ],
          [
            139.249087,
            39.450995
          ],
          [
            139.249441,
            39.45309
          ],
          [
            139.249794,
            39.455465
          ],
          [
            139.250082,
            39.457568
          ],
          [
            139.250478,
            39.460024
          ],
          [
            139.250926,
            39.462669
          ],
          [
            139.251329,
            39.465232
          ],
          [
            139.251634,
            39.467242
          ],
          [
            139.251974,
            39.469348
          ],
          [
            139.252695,
            39.474238
          ],
          [
            139.253014,
            39.476459
          ],
          [
            139.253444,
            39.479032
          ],
          [
            139.25416,
            39.484039
          ],
          [
            139.254452,
            39.486358
          ],
          [
            139.254775,
            39.48876
          ],
          [
            139.255113,
            39.490986
          ],
          [
            139.255452,
            39.493297
          ],
          [
            139.255847,
            39.495805
          ],
          [
            139.256207,
            39.49813
          ],
          [
            139.256607,
            39.500915
          ],
          [
            139.257313,
            39.505645
          ],
          [
            139.257653,
            39.507973
          ],
          [
            139.257911,
            39.509912
          ],
          [
            139.258225,
            39.512219
          ],
          [
            139.258554,
            39.514549
          ],
          [
            139.258879,
            39.51676
          ],
          [
            139.259184,
            39.519161
          ],
          [
            139.259481,
            39.521273
          ],
          [
            139.25987,
            39.523762
          ],
          [
            139.26044,
            39.527812
          ],
          [
            139.261268,
            39.533829
          ],
          [
            139.261624,
            39.536218
          ],
          [
            139.261933,
            39.538249
          ],
          [
            139.26228,
            39.540383
          ],
          [
            139.262554,
            39.542308
          ],
          [
            139.263154,
            39.546446
          ],
          [
            139.263479,
            39.548836
          ],
          [
            139.263744,
            39.550951
          ],
          [
            139.264017,
            39.553246
          ],
          [
            139.264279,
            39.555351
          ],
          [
            139.265163,
            39.561686
          ],
          [
            139.265453,
            39.563515
          ],
          [
            139.265773,
            39.565737
          ],
          [
            139.266054,
            39.567941
          ],
          [
            139.26639,
            39.570421
          ],
          [
            139.266721,
            39.572712
          ],
          [
            139.2671,
            39.575381
          ],
          [
            139.267455,
            39.577763
          ],
          [
            139.267897,
            39.580409
          ],
          [
            139.268209,
            39.582349
          ],
          [
            139.268523,
            39.584532
          ],
          [
            139.268745,
            39.586267
          ],
          [
            139.269226,
            39.590273
          ],
          [
            139.269558,
            39.592836
          ],
          [
            139.269858,
            39.595017
          ],
          [
            139.270183,
            39.597296
          ],
          [
            139.270417,
            39.599011
          ],
          [
            139.271243,
            39.604824
          ],
          [
            139.271532,
            39.606818
          ],
          [
            139.271795,
            39.608712
          ],
          [
            139.272067,
            39.610797
          ],
          [
            139.27288,
            39.616588
          ],
          [
            139.273144,
            39.618585
          ],
          [
            139.273436,
            39.620668
          ],
          [
            139.273716,
            39.622942
          ],
          [
            139.274035,
            39.625592
          ],
          [
            139.274349,
            39.627883
          ],
          [
            139.274666,
            39.62989
          ],
          [
            139.274928,
            39.631718
          ],
          [
            139.275238,
            39.634
          ],
          [
            139.27552,
            39.636194
          ],
          [
            139.275785,
            39.63838
          ],
          [
            139.27608,
            39.640651
          ],
          [
            139.276462,
            39.643107
          ],
          [
            139.276799,
            39.645368
          ],
          [
            139.277066,
            39.647275
          ],
          [
            139.277725,
            39.651711
          ],
          [
            139.278519,
            39.657592
          ],
          [
            139.278836,
            39.65975
          ],
          [
            139.279572,
            39.664451
          ],
          [
            139.279889,
            39.666606
          ],
          [
            139.280448,
            39.671101
          ],
          [
            139.280687,
            39.67316
          ],
          [
            139.280932,
            39.675035
          ],
          [
            139.281308,
            39.677626
          ],
          [
            139.281666,
            39.679869
          ],
          [
            139.28203,
            39.682023
          ],
          [
            139.28233,
            39.683909
          ],
          [
            139.282661,
            39.68616
          ],
          [
            139.282922,
            39.688047
          ],
          [
            139.283186,
            39.690315
          ],
          [
            139.283418,
            39.692206
          ],
          [
            139.283747,
            39.694647
          ],
          [
            139.284035,
            39.696525
          ],
          [
            139.2844,
            39.69859
          ],
          [
            139.284763,
            39.70083
          ],
          [
            139.285118,
            39.703168
          ],
          [
            139.28538,
            39.705164
          ],
          [
            139.285668,
            39.707527
          ],
          [
            139.285993,
            39.709872
          ],
          [
            139.286342,
            39.712128
          ],
          [
            139.287116,
            39.716363
          ],
          [
            139.287467,
            39.718529
          ],
          [
            139.287772,
            39.7206
          ],
          [
            139.288369,
            39.724811
          ],
          [
            139.288661,
            39.726795
          ],
          [
            139.288945,
            39.72877
          ],
          [
            139.289267,
            39.730828
          ],
          [
            139.289597,
            39.732898
          ],
          [
            139.289925,
            39.735045
          ],
          [
            139.290212,
            39.737115
          ],
          [
            139.290452,
            39.738912
          ],
          [
            139.290747,
            39.740865
          ],
          [
            139.291045,
            39.742659
          ],
          [
            139.291405,
            39.744726
          ],
          [
            139.291733,
            39.746788
          ],
          [
            139.292093,
            39.749212
          ],
          [
            139.29274,
            39.753318
          ],
          [
            139.293044,
            39.755653
          ],
          [
            139.293289,
            39.757895
          ],
          [
            139.293473,
            39.75987
          ],
          [
            139.293784,
            39.763813
          ],
          [
            139.294056,
            39.766047
          ],
          [
            139.294459,
            39.769802
          ],
          [
            139.29471,
            39.77231
          ],
          [
            139.294946,
            39.774814
          ],
          [
            139.295461,
            39.779587
          ],
          [
            139.295875,
            39.784111
          ],
          [
            139.296086,
            39.786192
          ],
          [
            139.296296,
            39.788353
          ],
          [
            139.296536,
            39.790593
          ],
          [
            139.297019,
            39.794719
          ],
          [
            139.297227,
            39.796875
          ],
          [
            139.297435,
            39.799116
          ],
          [
            139.297656,
            39.801252
          ],
          [
            139.297867,
            39.803495
          ],
          [
            139.29817,
            39.807253
          ],
          [
            139.29835,
            39.809321
          ],
          [
            139.2985,
            39.811193
          ],
          [
            139.298678,
            39.813066
          ],
          [
            139.298896,
            39.815204
          ],
          [
            139.299119,
            39.817253
          ],
          [
            139.299286,
            39.818767
          ],
          [
            139.299542,
            39.820924
          ],
          [
            139.299759,
            39.82297
          ],
          [
            139.299916,
            39.824846
          ],
          [
            139.300037,
            39.826626
          ],
          [
            139.30018,
            39.828591
          ],
          [
            139.300335,
            39.830536
          ],
          [
            139.300692,
            39.834516
          ],
          [
            139.300884,
            39.836284
          ],
          [
            139.301131,
            39.838662
          ],
          [
            139.301318,
            39.840522
          ],
          [
            139.301772,
            39.844864
          ],
          [
            139.301975,
            39.846906
          ],
          [
            139.302359,
            39.850992
          ],
          [
            139.302704,
            39.855095
          ],
          [
            139.302907,
            39.857241
          ],
          [
            139.303089,
            39.859283
          ],
          [
            139.303306,
            39.86122
          ],
          [
            139.303487,
            39.86291
          ],
          [
            139.303621,
            39.864343
          ],
          [
            139.304037,
            39.869304
          ],
          [
            139.304415,
            39.873303
          ],
          [
            139.304588,
            39.875432
          ],
          [
            139.304776,
            39.877546
          ],
          [
            139.304987,
            39.879846
          ],
          [
            139.305237,
            39.882244
          ],
          [
            139.308344,
            39.919023
          ],
          [
            139.308463,
            39.920794
          ],
          [
            139.308587,
            39.922384
          ],
          [
            139.309108,
            39.927654
          ],
          [
            139.309259,
            39.929504
          ],
          [
            139.309448,
            39.931341
          ],
          [
            139.309812,
            39.935268
          ],
          [
            139.309968,
            39.937443
          ],
          [
            139.310301,
            39.942499
          ],
          [
            139.310444,
            39.944329
          ],
          [
            139.31061,
            39.946329
          ],
          [
            139.310769,
            39.948164
          ],
          [
            139.310912,
            39.949914
          ],
          [
            139.311108,
            39.951738
          ],
          [
            139.311334,
            39.953911
          ],
          [
            139.311608,
            39.956344
          ],
          [
            139.311799,
            39.958546
          ],
          [
            139.311964,
            39.960556
          ],
          [
            139.312089,
            39.962484
          ],
          [
            139.312269,
            39.964759
          ],
          [
            139.312441,
            39.966685
          ],
          [
            139.312826,
            39.971242
          ],
          [
            139.313007,
            39.973276
          ],
          [
            139.313222,
            39.975473
          ],
          [
            139.313493,
            39.978104
          ],
          [
            139.313697,
            39.980399
          ],
          [
            139.313896,
            39.982878
          ],
          [
            139.314133,
            39.985433
          ],
          [
            139.314312,
            39.987449
          ],
          [
            139.314491,
            39.989633
          ],
          [
            139.314707,
            39.991915
          ],
          [
            139.314964,
            39.994549
          ],
          [
            139.315129,
            39.996644
          ],
          [
            139.31534,
            39.998892
          ],
          [
            139.315587,
            40.001249
          ],
          [
            139.315824,
            40.003763
          ],
          [
            139.316234,
            40.008635
          ],
          [
            139.316452,
            40.010986
          ],
          [
            139.316698,
            40.013413
          ],
          [
            139.448912,
            41.025259
          ],
          [
            139.449338,
            41.026905
          ],
          [
            139.450841,
            41.039016
          ],
          [
            139.45105,
            41.040684
          ],
          [
            139.451241,
            41.042431
          ],
          [
            139.45158,
            41.045391
          ],
          [
            139.454594,
            41.072119
          ],
          [
            139.454786,
            41.073763
          ],
          [
            139.454992,
            41.075587
          ],
          [
            139.455211,
            41.077325
          ],
          [
            139.455669,
            41.08079
          ],
          [
            139.45582,
            41.082069
          ],
          [
            139.456043,
            41.083633
          ],
          [
            139.45646,
            41.087027
          ],
          [
            139.457226,
            41.0935
          ],
          [
            139.457625,
            41.097046
          ],
          [
            139.464031,
            41.148076
          ],
          [
            139.464286,
            41.149977
          ],
          [
            139.464545,
            41.151774
          ],
          [
            139.464809,
            41.15367
          ],
          [
            139.46512,
            41.155948
          ],
          [
            139.469273,
            41.188369
          ],
          [
            139.469534,
            41.190081
          ],
          [
            139.469786,
            41.191878
          ],
          [
            139.470004,
            41.193682
          ],
          [
            139.475549,
            41.239015
          ],
          [
            139.475785,
            41.241098
          ],
          [
            139.47599,
            41.242801
          ],
          [
            139.476234,
            41.244892
          ],
          [
            139.476468,
            41.246694
          ],
          [
            139.476721,
            41.248869
          ],
          [
            139.476955,
            41.250946
          ],
          [
            139.47726,
            41.253505
          ],
          [
            139.47772,
            41.25758
          ],
          [
            139.47812,
            41.261283
          ],
          [
            139.478376,
            41.263549
          ],
          [
            139.478843,
            41.267421
          ],
          [
            139.479108,
            41.269503
          ],
          [
            139.479322,
            41.271291
          ],
          [
            139.479866,
            41.275641
          ],
          [
            139.480393,
            41.279989
          ],
          [
            139.480659,
            41.282259
          ],
          [
            139.480943,
            41.284422
          ],
          [
            139.481417,
            41.288481
          ],
          [
            139.489191,
            41.351203
          ],
          [
            139.489421,
            41.353095
          ],
          [
            139.489711,
            41.355269
          ],
          [
            139.489938,
            41.357164
          ],
          [
            139.499001,
            41.42583
          ],
          [
            139.499291,
            41.427934
          ],
          [
            139.49957,
            41.430039
          ],
          [
            139.500094,
            41.434138
          ],
          [
            139.506941,
            41.489774
          ],
          [
            139.507289,
            41.492165
          ],
          [
            139.507591,
            41.494283
          ],
          [
            139.508051,
            41.497052
          ],
          [
            139.508846,
            41.501958
          ],
          [
            139.510752,
            41.513149
          ],
          [
            139.511138,
            41.51545
          ],
          [
            139.511913,
            41.520232
          ],
          [
            139.522196,
            41.581762
          ],
          [
            139.522878,
            41.58608
          ],
          [
            139.523209,
            41.588289
          ],
          [
            139.523529,
            41.590503
          ],
          [
            139.533925,
            41.657722
          ],
          [
            139.534142,
            41.659275
          ],
          [
            139.535054,
            41.664961
          ],
          [
            139.535325,
            41.666708
          ],
          [
            139.535622,
            41.668538
          ],
          [
            139.535932,
            41.670487
          ],
          [
            139.546107,
            41.737822
          ],
          [
            139.546605,
            41.741269
          ],
          [
            139.547229,
            41.745294
          ],
          [
            139.54751,
            41.747416
          ],
          [
            139.547734,
            41.749044
          ],
          [
            139.548002,
            41.75088
          ],
          [
            139.548298,
            41.752804
          ],
          [
            139.555312,
            41.801818
          ],
          [
            139.555578,
            41.803626
          ],
          [
            139.555819,
            41.805436
          ],
          [
            139.556125,
            41.807437
          ],
          [
            139.556451,
            41.809329
          ],
          [
            139.564695,
            41.866938
          ],
          [
            139.564963,
            41.868878
          ],
          [
            139.565472,
            41.872758
          ],
          [
            139.565733,
            41.874592
          ],
          [
            139.566033,
            41.876613
          ],
          [
            139.566267,
            41.878349
          ],
          [
            139.575944,
            41.944416
          ],
          [
            139.576224,
            41.946283
          ],
          [
            139.576504,
            41.94806
          ],
          [
            139.577041,
            41.951804
          ],
          [
            139.577291,
            41.953579
          ],
          [
            139.577486,
            41.954893
          ],
          [
            139.583155,
            41.990856
          ],
          [
            139.583466,
            41.992814
          ],
          [
            139.583723,
            41.994406
          ],
          [
            139.597462,
            42.079463
          ],
          [
            139.597731,
            42.081175
          ],
          [
            139.598072,
            42.083181
          ],
          [
            139.598346,
            42.084905
          ],
          [
            139.598669,
            42.087103
          ],
          [
            139.604286,
            42.124723
          ],
          [
            139.604583,
            42.126747
          ],
          [
            139.604816,
            42.128589
          ],
          [
            139.619038,
            42.223465
          ],
          [
            139.619369,
            42.225926
          ],
          [
            139.619785,
            42.228661
          ],
          [
            139.620215,
            42.230997
          ],
          [
            139.620782,
            42.233519
          ],
          [
            139.621382,
            42.236128
          ],
          [
            139.62253,
            42.241263
          ],
          [
            139.623663,
            42.246197
          ],
          [
            139.624164,
            42.248416
          ],
          [
            139.624743,
            42.251024
          ],
          [
            139.625287,
            42.253435
          ],
          [
            139.625843,
            42.255948
          ],
          [
            139.644481,
            42.335914
          ],
          [
            139.646715,
            42.345545
          ],
          [
            139.656283,
            42.387539
          ],
          [
            139.656837,
            42.389966
          ],
          [
            139.658331,
            42.396876
          ],
          [
            139.658804,
            42.399226
          ],
          [
            139.659245,
            42.401281
          ],
          [
            139.659757,
            42.403722
          ],
          [
            139.670991,
            42.453635
          ],
          [
            139.671515,
            42.455911
          ],
          [
            139.672533,
            42.460253
          ],
          [
            139.673007,
            42.46233
          ],
          [
            139.699095,
            42.567915
          ],
          [
            139.699786,
            42.570569
          ],
          [
            139.700406,
            42.573024
          ],
          [
            139.701148,
            42.575869
          ],
          [
            139.701866,
            42.578719
          ],
          [
            139.702488,
            42.581272
          ],
          [
            139.703166,
            42.583786
          ],
          [
            139.704112,
            42.587087
          ],
          [
            139.706381,
            42.595534
          ],
          [
            139.707077,
            42.598061
          ],
          [
            139.707695,
            42.60048
          ],
          [
            139.70849,
            42.603468
          ],
          [
            139.709195,
            42.605853
          ],
          [
            139.709886,
            42.607644
          ],
          [
            139.711012,
            42.609739
          ],
          [
            139.712372,
            42.611797
          ],
          [
            139.713711,
            42.613517
          ],
          [
            139.715068,
            42.615235
          ],
          [
            139.716505,
            42.617042
          ],
          [
            139.717636,
            42.618391
          ],
          [
            139.719096,
            42.620189
          ],
          [
            139.720545,
            42.621994
          ],
          [
            139.721974,
            42.623802
          ],
          [
            139.725204,
            42.627818
          ],
          [
            139.730385,
            42.634295
          ],
          [
            139.731879,
            42.636172
          ],
          [
            139.733405,
            42.638149
          ],
          [
            139.734894,
            42.640028
          ],
          [
            139.738376,
            42.644388
          ],
          [
            139.740041,
            42.64642
          ],
          [
            139.741631,
            42.648371
          ],
          [
            139.743551,
            42.650746
          ],
          [
            139.745067,
            42.652611
          ],
          [
            139.746632,
            42.654571
          ],
          [
            139.748342,
            42.656688
          ],
          [
            139.750968,
            42.659893
          ],
          [
            139.752678,
            42.662013
          ],
          [
            139.754344,
            42.664036
          ],
          [
            139.755963,
            42.665965
          ],
          [
            139.75742,
            42.667719
          ],
          [
            139.759344,
            42.670059
          ],
          [
            139.760865,
            42.671921
          ],
          [
            139.762405,
            42.673759
          ],
          [
            139.763998,
            42.675683
          ],
          [
            139.765718,
            42.677776
          ],
          [
            139.768788,
            42.681434
          ],
          [
            139.770369,
            42.683339
          ],
          [
            139.773429,
            42.686984
          ],
          [
            139.774798,
            42.688642
          ],
          [
            139.776386,
            42.690554
          ],
          [
            139.779426,
            42.694197
          ],
          [
            139.780816,
            42.695844
          ],
          [
            139.782529,
            42.697927
          ],
          [
            139.784152,
            42.69993
          ],
          [
            139.785699,
            42.701742
          ],
          [
            139.787491,
            42.703884
          ],
          [
            139.789106,
            42.705761
          ],
          [
            139.790718,
            42.707644
          ],
          [
            139.792016,
            42.709215
          ],
          [
            139.795377,
            42.713146
          ],
          [
            139.798484,
            42.71685
          ],
          [
            139.79994,
            42.718566
          ],
          [
            139.801335,
            42.720195
          ],
          [
            139.804769,
            42.724307
          ],
          [
            139.807966,
            42.728178
          ],
          [
            139.809752,
            42.730313
          ],
          [
            139.812983,
            42.734156
          ],
          [
            139.814718,
            42.736299
          ],
          [
            139.816337,
            42.738265
          ],
          [
            139.817984,
            42.740225
          ],
          [
            139.819895,
            42.742514
          ],
          [
            139.821744,
            42.744715
          ],
          [
            139.825115,
            42.748829
          ],
          [
            139.8451,
            42.773288
          ],
          [
            139.84693,
            42.77552
          ],
          [
            139.848737,
            42.777745
          ],
          [
            139.850427,
            42.779807
          ],
          [
            139.852063,
            42.781778
          ],
          [
            139.891044,
            42.829652
          ],
          [
            139.90604,
            42.848368
          ],
          [
            139.907552,
            42.850241
          ],
          [
            139.912048,
            42.855804
          ],
          [
            139.913647,
            42.857762
          ],
          [
            139.915297,
            42.859794
          ],
          [
            139.91701,
            42.861922
          ],
          [
            139.930897,
            42.879126
          ],
          [
            139.977124,
            42.936622
          ],
          [
            139.978928,
            42.93891
          ],
          [
            139.980538,
            42.940934
          ],
          [
            139.982139,
            42.942963
          ],
          [
            139.985062,
            42.946594
          ],
          [
            139.98812,
            42.950378
          ],
          [
            139.989602,
            42.952233
          ],
          [
            139.991067,
            42.954084
          ],
          [
            140.166351,
            43.215632
          ],
          [
            140.167469,
            43.217156
          ],
          [
            140.168967,
            43.219253
          ],
          [
            140.170257,
            43.221019
          ],
          [
            140.174188,
            43.226503
          ],
          [
            140.175452,
            43.228274
          ],
          [
            140.178145,
            43.231971
          ],
          [
            140.179282,
            43.233586
          ],
          [
            140.180555,
            43.235359
          ],
          [
            140.183025,
            43.23873
          ],
          [
            140.18439,
            43.240576
          ],
          [
            140.185567,
            43.242181
          ],
          [
            140.186849,
            43.243946
          ],
          [
            140.201817,
            43.264561
          ],
          [
            140.203192,
            43.266414
          ],
          [
            140.205374,
            43.2694
          ],
          [
            140.206702,
            43.271164
          ],
          [
            140.211829,
            43.277865
          ],
          [
            140.236947,
            43.311282
          ],
          [
            140.238229,
            43.312956
          ],
          [
            140.239597,
            43.314768
          ],
          [
            140.271629,
            43.356398
          ],
          [
            140.272988,
            43.358147
          ],
          [
            140.282566,
            43.370233
          ],
          [
            140.283744,
            43.371703
          ],
          [
            140.284966,
            43.373247
          ],
          [
            140.285966,
            43.374467
          ],
          [
            140.287237,
            43.375754
          ],
          [
            140.288431,
            43.376769
          ],
          [
            140.289892,
            43.377835
          ],
          [
            140.291688,
            43.378919
          ],
          [
            140.293757,
            43.379907
          ],
          [
            140.296162,
            43.380871
          ],
          [
            140.298069,
            43.381531
          ],
          [
            140.300501,
            43.382364
          ],
          [
            140.30497,
            43.383879
          ],
          [
            140.353322,
            43.400776
          ],
          [
            140.419394,
            43.424172
          ],
          [
            140.423442,
            43.425541
          ],
          [
            140.425584,
            43.426256
          ],
          [
            140.42988,
            43.427668
          ],
          [
            140.432056,
            43.428357
          ],
          [
            140.434226,
            43.429026
          ],
          [
            140.436071,
            43.429585
          ],
          [
            140.46647,
            43.438508
          ],
          [
            140.468654,
            43.439172
          ],
          [
            140.470491,
            43.439707
          ],
          [
            140.472551,
            43.440291
          ],
          [
            140.47503,
            43.440834
          ],
          [
            140.47709,
            43.441144
          ],
          [
            140.479554,
            43.441331
          ],
          [
            140.481787,
            43.44135
          ],
          [
            140.484182,
            43.441187
          ],
          [
            140.486549,
            43.440874
          ],
          [
            140.488673,
            43.440446
          ],
          [
            140.507804,
            43.435174
          ],
          [
            140.511829,
            43.434057
          ],
          [
            140.513767,
            43.433504
          ],
          [
            140.588629,
            43.413271
          ],
          [
            140.590993,
            43.412657
          ],
          [
            140.681477,
            43.389044
          ],
          [
            140.687262,
            43.38757
          ],
          [
            140.691618,
            43.386465
          ],
          [
            140.695959,
            43.385353
          ],
          [
            140.697766,
            43.384897
          ],
          [
            140.699806,
            43.384372
          ],
          [
            140.705356,
            43.382981
          ],
          [
            140.951355,
            43.322135
          ],
          [
            140.953327,
            43.321639
          ],
          [
            140.955434,
            43.32112
          ],
          [
            141.001908,
            43.309274
          ],
          [
            141.003865,
            43.308777
          ],
          [
            141.006041,
            43.308231
          ],
          [
            141.008213,
            43.307677
          ],
          [
            141.010924,
            43.306947
          ],
          [
            141.013469,
            43.306197
          ],
          [
            141.015305,
            43.305592
          ],
          [
            141.01745,
            43.304813
          ],
          [
            141.019715,
            43.303864
          ],
          [
            141.021779,
            43.302977
          ],
          [
            141.026106,
            43.301153
          ],
          [
            141.028361,
            43.300223
          ],
          [
            141.030434,
            43.299388
          ],
          [
            141.032777,
            43.298404
          ],
          [
            141.034827,
            43.297446
          ],
          [
            141.036759,
            43.296372
          ],
          [
            141.038629,
            43.294978
          ],
          [
            141.039921,
            43.293779
          ],
          [
            141.041296,
            43.292179
          ],
          [
            141.04232,
            43.290638
          ],
          [
            141.043098,
            43.289009
          ],
          [
            141.043738,
            43.287159
          ],
          [
            141.044171,
            43.285342
          ],
          [
            141.0445,
            43.283778
          ],
          [
            141.044714,
            43.281762
          ],
          [
            141.044727,
            43.279908
          ],
          [
            141.044718,
            43.278136
          ],
          [
            141.044672,
            43.276445
          ],
          [
            141.044647,
            43.274578
          ],
          [
            141.044627,
            43.272543
          ],
          [
            141.044624,
            43.270512
          ],
          [
            141.044421,
            43.223843
          ],
          [
            141.04446,
            43.22226
          ],
          [
            141.044485,
            43.219386
          ],
          [
            141.044471,
            43.218004
          ],
          [
            141.04438,
            43.216673
          ],
          [
            141.044108,
            43.215301
          ],
          [
            141.043641,
            43.213966
          ],
          [
            141.043111,
            43.212903
          ],
          [
            141.042405,
            43.211683
          ],
          [
            141.041704,
            43.210563
          ],
          [
            141.035618,
            43.202144
          ],
          [
            141.03448,
            43.201409
          ],
          [
            141.033245,
            43.200824
          ],
          [
            141.031991,
            43.200308
          ],
          [
            141.031021,
            43.19992
          ],
          [
            141.029833,
            43.199485
          ],
          [
            141.028459,
            43.199136
          ],
          [
            141.027186,
            43.199004
          ],
          [
            141.026029,
            43.198968
          ],
          [
            141.024893,
            43.198984
          ],
          [
            141.023699,
            43.198914
          ],
          [
            141.0226,
            43.198775
          ],
          [
            141.021506,
            43.198536
          ],
          [
            141.020542,
            43.198222
          ],
          [
            141.019753,
            43.197972
          ],
          [
            141.019093,
            43.197704
          ],
          [
            141.018372,
            43.197141
          ],
          [
            141.017858,
            43.196477
          ],
          [
            141.01753,
            43.195827
          ],
          [
            141.017324,
            43.195099
          ],
          [
            141.017231,
            43.19379
          ],
          [
            141.017157,
            43.193272
          ],
          [
            141.017121,
            43.192875
          ],
          [
            141.01714,
            43.192375
          ],
          [
            141.017176,
            43.192304
          ],
          [
            141.017273,
            43.192173
          ],
          [
            141.017487,
            43.191975
          ],
          [
            141.017814,
            43.191776
          ],
          [
            141.01796,
            43.191627
          ],
          [
            141.018072,
            43.191541
          ],
          [
            141.018232,
            43.191475
          ],
          [
            141.018252,
            43.191424
          ],
          [
            141.0182653,
            43.1913526
          ],
          [
            141.0169274,
            43.1908866
          ],
          [
            141.0170209,
            43.1907024
          ]
        ]
      }
    },
    {
      "type": "Feature",
      "properties": {
        "osmId": 550415128,
        "name": "新日本海フェリー（敦賀―苫小牧東）"
      },
      "geometry": {
        "type": "LineString",
        "coordinates": [
          [
            136.0733414,
            35.678374
          ],
          [
            136.0714872,
            35.6774911
          ],
          [
            136.0708546,
            35.6773502
          ],
          [
            136.0562844,
            35.6771601
          ],
          [
            136.0551859,
            35.6772434
          ],
          [
            136.0541887,
            35.6776268
          ],
          [
            136.0534129,
            35.6782639
          ],
          [
            136.052952,
            35.6790781
          ],
          [
            136.0528556,
            35.679912
          ],
          [
            136.0495789,
            35.7671961
          ],
          [
            135.9505602,
            35.8845416
          ],
          [
            135.945499,
            35.896593
          ],
          [
            135.944512,
            35.899265
          ],
          [
            135.936458,
            35.919631
          ],
          [
            135.9198603,
            35.9898731
          ],
          [
            135.9788353,
            36.1560996
          ],
          [
            136.124189,
            36.431114
          ],
          [
            136.124893,
            36.432156
          ],
          [
            136.127609,
            36.437276
          ],
          [
            136.128498,
            36.438427
          ],
          [
            136.129453,
            36.439828
          ],
          [
            136.130695,
            36.441931
          ],
          [
            136.131519,
            36.443
          ],
          [
            136.13238,
            36.444881
          ],
          [
            136.133729,
            36.447293
          ],
          [
            136.134569,
            36.448466
          ],
          [
            136.135977,
            36.450998
          ],
          [
            136.174775,
            36.514594
          ],
          [
            136.176385,
            36.51742
          ],
          [
            136.176966,
            36.518262
          ],
          [
            136.177383,
            36.5192
          ],
          [
            136.177899,
            36.519956
          ],
          [
            136.178458,
            36.520934
          ],
          [
            136.179376,
            36.522085
          ],
          [
            136.180044,
            36.523364
          ],
          [
            136.180711,
            36.524483
          ],
          [
            136.21196,
            36.574609
          ],
          [
            136.212561,
            36.5758
          ],
          [
            136.214639,
            36.579385
          ],
          [
            136.215483,
            36.580539
          ],
          [
            136.216486,
            36.582466
          ],
          [
            136.217037,
            36.583329
          ],
          [
            136.217297,
            36.583643
          ],
          [
            136.218159,
            36.585292
          ],
          [
            136.218806,
            36.586395
          ],
          [
            136.219412,
            36.587225
          ],
          [
            136.220035,
            36.58833
          ],
          [
            136.222625,
            36.592546
          ],
          [
            136.223638,
            36.593923
          ],
          [
            136.224537,
            36.595335
          ],
          [
            136.225189,
            36.596196
          ],
          [
            136.226238,
            36.59782
          ],
          [
            136.226998,
            36.598874
          ],
          [
            136.291409,
            36.701759
          ],
          [
            136.29258,
            36.703678
          ],
          [
            136.293152,
            36.704836
          ],
          [
            136.293591,
            36.705872
          ],
          [
            136.294292,
            36.706969
          ],
          [
            136.294867,
            36.708087
          ],
          [
            136.295376,
            36.709243
          ],
          [
            136.295842,
            36.710551
          ],
          [
            136.296708,
            36.711626
          ],
          [
            136.297501,
            36.712789
          ],
          [
            136.298785,
            36.715019
          ],
          [
            136.335406,
            36.777232
          ],
          [
            136.336272,
            36.778336
          ],
          [
            136.337209,
            36.779671
          ],
          [
            136.339312,
            36.783605
          ],
          [
            136.339895,
            36.78478
          ],
          [
            136.340354,
            36.785875
          ],
          [
            136.34167,
            36.788178
          ],
          [
            136.342306,
            36.789468
          ],
          [
            136.371999,
            36.842601
          ],
          [
            136.372814,
            36.843911
          ],
          [
            136.37375,
            36.845764
          ],
          [
            136.374646,
            36.847102
          ],
          [
            136.375111,
            36.848217
          ],
          [
            136.375698,
            36.849096
          ],
          [
            136.376783,
            36.851476
          ],
          [
            136.377825,
            36.85295
          ],
          [
            136.378313,
            36.854083
          ],
          [
            136.378855,
            36.854864
          ],
          [
            136.379407,
            36.855815
          ],
          [
            136.380183,
            36.856894
          ],
          [
            136.383293,
            36.862143
          ],
          [
            136.384069,
            36.863223
          ],
          [
            136.38495,
            36.86458
          ],
          [
            136.385795,
            36.865646
          ],
          [
            136.386288,
            36.866711
          ],
          [
            136.387289,
            36.86817
          ],
          [
            136.387797,
            36.869142
          ],
          [
            136.388625,
            36.870249
          ],
          [
            136.389416,
            36.871617
          ],
          [
            136.389897,
            36.872728
          ],
          [
            136.390643,
            36.873861
          ],
          [
            136.391516,
            36.874983
          ],
          [
            136.392182,
            36.875982
          ],
          [
            136.393261,
            36.878176
          ],
          [
            136.410214,
            36.909603
          ],
          [
            136.410606,
            36.910864
          ],
          [
            136.411297,
            36.912193
          ],
          [
            136.41266,
            36.91419
          ],
          [
            136.413198,
            36.915286
          ],
          [
            136.413543,
            36.916284
          ],
          [
            136.414223,
            36.917422
          ],
          [
            136.415568,
            36.919175
          ],
          [
            136.444251,
            36.970372
          ],
          [
            136.444941,
            36.971872
          ],
          [
            136.445546,
            36.972992
          ],
          [
            136.4694,
            37.014606
          ],
          [
            136.469708,
            37.01546
          ],
          [
            136.470443,
            37.016438
          ],
          [
            136.470935,
            37.017494
          ],
          [
            136.470977,
            37.017866
          ],
          [
            136.472005,
            37.019426
          ],
          [
            136.474069,
            37.022778
          ],
          [
            136.474006,
            37.023059
          ],
          [
            136.474918,
            37.024714
          ],
          [
            136.658466,
            37.375685
          ],
          [
            136.659134,
            37.377183
          ],
          [
            136.664416,
            37.386595
          ],
          [
            136.66518,
            37.388038
          ],
          [
            136.667999,
            37.393724
          ],
          [
            136.668806,
            37.395221
          ],
          [
            136.672111,
            37.400969
          ],
          [
            136.676692,
            37.409116
          ],
          [
            136.677458,
            37.410584
          ],
          [
            136.679889,
            37.414714
          ],
          [
            136.682781,
            37.420648
          ],
          [
            136.686143,
            37.426895
          ],
          [
            136.686794,
            37.428313
          ],
          [
            136.689201,
            37.43222
          ],
          [
            136.690001,
            37.433614
          ],
          [
            136.691524,
            37.436505
          ],
          [
            136.692321,
            37.43789
          ],
          [
            136.693009,
            37.438929
          ],
          [
            136.694704,
            37.441868
          ],
          [
            136.696056,
            37.444394
          ],
          [
            136.69806,
            37.448361
          ],
          [
            136.698757,
            37.449532
          ],
          [
            136.700525,
            37.452791
          ],
          [
            136.701209,
            37.454198
          ],
          [
            136.705785,
            37.4623
          ],
          [
            136.70717,
            37.465011
          ],
          [
            136.710162,
            37.470122
          ],
          [
            136.710827,
            37.471342
          ],
          [
            136.711373,
            37.472482
          ],
          [
            136.71218,
            37.473747
          ],
          [
            136.713687,
            37.476411
          ],
          [
            136.714501,
            37.477687
          ],
          [
            136.716459,
            37.481648
          ],
          [
            136.717813,
            37.484017
          ],
          [
            136.721903,
            37.48972
          ],
          [
            136.728061,
            37.49932
          ],
          [
            136.730584,
            37.50295
          ],
          [
            136.733355,
            37.50669
          ],
          [
            136.736551,
            37.511542
          ],
          [
            136.738404,
            37.513968
          ],
          [
            136.741002,
            37.517745
          ],
          [
            136.742706,
            37.519938
          ],
          [
            136.74637,
            37.525175
          ],
          [
            136.747857,
            37.527393
          ],
          [
            136.748575,
            37.528582
          ],
          [
            136.749372,
            37.529642
          ],
          [
            136.751776,
            37.533226
          ],
          [
            136.753517,
            37.535532
          ],
          [
            136.754796,
            37.537092
          ],
          [
            136.756463,
            37.539553
          ],
          [
            136.758292,
            37.541997
          ],
          [
            136.75922,
            37.543333
          ],
          [
            136.760013,
            37.54431
          ],
          [
            136.763023,
            37.548518
          ],
          [
            137.005043,
            37.832621
          ],
          [
            137.006233,
            37.834176
          ],
          [
            137.010356,
            37.838929
          ],
          [
            137.013715,
            37.84289
          ],
          [
            137.014781,
            37.84422
          ],
          [
            137.018666,
            37.848499
          ],
          [
            137.019836,
            37.84992
          ],
          [
            137.022571,
            37.852991
          ],
          [
            137.023563,
            37.854357
          ],
          [
            137.02604,
            37.857261
          ],
          [
            137.03006,
            37.861707
          ],
          [
            137.042111,
            37.875243
          ],
          [
            137.04281,
            37.876325
          ],
          [
            137.043728,
            37.877569
          ],
          [
            137.047104,
            37.881487
          ],
          [
            137.052525,
            37.886895
          ],
          [
            137.052973,
            37.887233
          ],
          [
            137.054242,
            37.889153
          ],
          [
            137.056645,
            37.891598
          ],
          [
            137.089202,
            37.928937
          ],
          [
            137.090124,
            37.930378
          ],
          [
            137.091495,
            37.931799
          ],
          [
            137.093265,
            37.933769
          ],
          [
            137.095482,
            37.935991
          ],
          [
            137.097386,
            37.937681
          ],
          [
            137.099933,
            37.940648
          ],
          [
            137.101971,
            37.942896
          ],
          [
            137.10287,
            37.944093
          ],
          [
            137.104337,
            37.945821
          ],
          [
            137.847056,
            38.736243
          ],
          [
            137.848446,
            38.737721
          ],
          [
            137.849667,
            38.73919
          ],
          [
            137.852259,
            38.742108
          ],
          [
            137.853592,
            38.743727
          ],
          [
            137.859682,
            38.750577
          ],
          [
            137.862777,
            38.753543
          ],
          [
            137.864498,
            38.755526
          ],
          [
            137.86688,
            38.757919
          ],
          [
            137.869686,
            38.761115
          ],
          [
            137.872378,
            38.763254
          ],
          [
            137.873148,
            38.764365
          ],
          [
            137.874152,
            38.765431
          ],
          [
            137.875413,
            38.766502
          ],
          [
            137.875529,
            38.766945
          ],
          [
            137.876517,
            38.768192
          ],
          [
            137.87679,
            38.768359
          ],
          [
            137.877322,
            38.768985
          ],
          [
            137.877558,
            38.769661
          ],
          [
            137.878265,
            38.771021
          ],
          [
            137.878823,
            38.7718
          ],
          [
            137.879593,
            38.772658
          ],
          [
            137.880998,
            38.774561
          ],
          [
            137.882066,
            38.775727
          ],
          [
            137.884578,
            38.778654
          ],
          [
            137.884923,
            38.778933
          ],
          [
            137.885728,
            38.779908
          ],
          [
            137.886948,
            38.781559
          ],
          [
            137.887997,
            38.782637
          ],
          [
            137.888388,
            38.783186
          ],
          [
            137.889487,
            38.784415
          ],
          [
            137.892592,
            38.788232
          ],
          [
            137.894598,
            38.790305
          ],
          [
            137.896338,
            38.791946
          ],
          [
            137.897099,
            38.792856
          ],
          [
            137.897973,
            38.793659
          ],
          [
            137.89892,
            38.794802
          ],
          [
            137.898999,
            38.795027
          ],
          [
            137.899975,
            38.796375
          ],
          [
            137.902138,
            38.798868
          ],
          [
            137.903638,
            38.80051
          ],
          [
            137.907642,
            38.805267
          ],
          [
            137.909657,
            38.807435
          ],
          [
            137.911614,
            38.80989
          ],
          [
            137.912727,
            38.811202
          ],
          [
            137.914168,
            38.813051
          ],
          [
            137.915022,
            38.813956
          ],
          [
            137.915424,
            38.814494
          ],
          [
            137.917309,
            38.816554
          ],
          [
            137.918242,
            38.817396
          ],
          [
            137.920123,
            38.819365
          ],
          [
            137.920584,
            38.819752
          ],
          [
            137.921343,
            38.820516
          ],
          [
            137.924305,
            38.823872
          ],
          [
            137.924997,
            38.824824
          ],
          [
            137.926622,
            38.826538
          ],
          [
            137.927684,
            38.827738
          ],
          [
            137.928454,
            38.828784
          ],
          [
            137.931038,
            38.831405
          ],
          [
            137.932696,
            38.833382
          ],
          [
            137.933206,
            38.833844
          ],
          [
            137.934066,
            38.834916
          ],
          [
            137.936827,
            38.837885
          ],
          [
            137.939051,
            38.840371
          ],
          [
            137.943166,
            38.844765
          ],
          [
            137.944269,
            38.845857
          ],
          [
            137.945692,
            38.847375
          ],
          [
            137.946618,
            38.84824
          ],
          [
            137.947134,
            38.848897
          ],
          [
            137.948095,
            38.849904
          ],
          [
            137.948691,
            38.850668
          ],
          [
            137.950635,
            38.852864
          ],
          [
            137.953123,
            38.85546
          ],
          [
            137.954764,
            38.857093
          ],
          [
            137.956158,
            38.858608
          ],
          [
            137.95748,
            38.860203
          ],
          [
            137.958472,
            38.861174
          ],
          [
            137.960924,
            38.863963
          ],
          [
            137.962419,
            38.865863
          ],
          [
            137.963441,
            38.866875
          ],
          [
            137.965304,
            38.868902
          ],
          [
            137.966212,
            38.870066
          ],
          [
            137.969286,
            38.873438
          ],
          [
            137.971402,
            38.875858
          ],
          [
            137.973243,
            38.877829
          ],
          [
            137.974442,
            38.879251
          ],
          [
            137.977064,
            38.882114
          ],
          [
            137.980518,
            38.88599
          ],
          [
            137.982239,
            38.888041
          ],
          [
            137.983016,
            38.888885
          ],
          [
            137.984366,
            38.890133
          ],
          [
            137.985607,
            38.891443
          ],
          [
            137.986265,
            38.892191
          ],
          [
            137.988729,
            38.89543
          ],
          [
            137.989663,
            38.896498
          ],
          [
            137.991456,
            38.898355
          ],
          [
            137.992482,
            38.899307
          ],
          [
            137.994518,
            38.901371
          ],
          [
            137.996215,
            38.903301
          ],
          [
            137.997987,
            38.905196
          ],
          [
            137.998722,
            38.906088
          ],
          [
            138.00081,
            38.908235
          ],
          [
            138.004406,
            38.912181
          ],
          [
            138.005398,
            38.913176
          ],
          [
            138.010159,
            38.918499
          ],
          [
            138.011352,
            38.919726
          ],
          [
            138.01209,
            38.920585
          ],
          [
            138.016121,
            38.924757
          ],
          [
            138.017999,
            38.927027
          ],
          [
            138.020101,
            38.929255
          ],
          [
            138.022548,
            38.931641
          ],
          [
            138.027598,
            38.936872
          ],
          [
            138.029921,
            38.939104
          ],
          [
            138.035532,
            38.944726
          ],
          [
            138.037146,
            38.946375
          ],
          [
            138.340052,
            39.252668
          ],
          [
            138.340892,
            39.253363
          ],
          [
            138.341672,
            39.254151
          ],
          [
            138.344911,
            39.256719
          ],
          [
            138.346879,
            39.258482
          ],
          [
            138.349619,
            39.261214
          ],
          [
            138.351835,
            39.263124
          ],
          [
            138.355112,
            39.26606
          ],
          [
            138.356113,
            39.267073
          ],
          [
            138.358069,
            39.268897
          ],
          [
            138.360473,
            39.271009
          ],
          [
            138.361376,
            39.271884
          ],
          [
            138.362705,
            39.273069
          ],
          [
            138.366299,
            39.275919
          ],
          [
            138.368393,
            39.277832
          ],
          [
            138.371371,
            39.280911
          ],
          [
            138.373759,
            39.28323
          ],
          [
            138.375503,
            39.285147
          ],
          [
            138.376413,
            39.286014
          ],
          [
            138.377643,
            39.287328
          ],
          [
            138.380539,
            39.290487
          ],
          [
            138.381845,
            39.291592
          ],
          [
            138.382985,
            39.29284
          ],
          [
            138.386881,
            39.296852
          ],
          [
            138.387922,
            39.297792
          ],
          [
            138.392043,
            39.301764
          ],
          [
            138.395119,
            39.30488
          ],
          [
            138.397609,
            39.307114
          ],
          [
            138.404132,
            39.3135
          ],
          [
            138.409631,
            39.318551
          ],
          [
            138.413215,
            39.322076
          ],
          [
            138.41416,
            39.323087
          ],
          [
            138.415693,
            39.324202
          ],
          [
            138.418095,
            39.32648
          ],
          [
            138.423924,
            39.331362
          ],
          [
            138.426371,
            39.333614
          ],
          [
            138.428927,
            39.335679
          ],
          [
            138.432465,
            39.339052
          ],
          [
            138.43741,
            39.343521
          ],
          [
            138.43875,
            39.344891
          ],
          [
            138.441143,
            39.347017
          ],
          [
            138.443295,
            39.349044
          ],
          [
            138.44478,
            39.350336
          ],
          [
            138.448185,
            39.353764
          ],
          [
            138.452905,
            39.358148
          ],
          [
            138.454052,
            39.359278
          ],
          [
            138.45622,
            39.361282
          ],
          [
            138.457423,
            39.362324
          ],
          [
            138.459726,
            39.364522
          ],
          [
            138.462287,
            39.366835
          ],
          [
            138.465948,
            39.370286
          ],
          [
            138.468032,
            39.37218
          ],
          [
            138.46929,
            39.373439
          ],
          [
            139.475975,
            40.39976
          ],
          [
            139.477129,
            40.401272
          ],
          [
            139.478196,
            40.402338
          ],
          [
            139.47956,
            40.403833
          ],
          [
            139.4837,
            40.407868
          ],
          [
            139.485603,
            40.409967
          ],
          [
            139.486604,
            40.41116
          ],
          [
            139.490212,
            40.415038
          ],
          [
            139.493042,
            40.417914
          ],
          [
            139.495032,
            40.420089
          ],
          [
            139.497454,
            40.422589
          ],
          [
            139.498475,
            40.423557
          ],
          [
            139.500795,
            40.425607
          ],
          [
            139.501869,
            40.426755
          ],
          [
            139.504388,
            40.429126
          ],
          [
            139.506626,
            40.431404
          ],
          [
            139.508792,
            40.433771
          ],
          [
            139.510858,
            40.435767
          ],
          [
            139.513868,
            40.439039
          ],
          [
            139.516242,
            40.441343
          ],
          [
            139.519945,
            40.445291
          ],
          [
            139.520601,
            40.445874
          ],
          [
            139.521671,
            40.447026
          ],
          [
            139.526157,
            40.451516
          ],
          [
            139.529405,
            40.454891
          ],
          [
            139.530429,
            40.455848
          ],
          [
            139.532699,
            40.45813
          ],
          [
            139.533911,
            40.459164
          ],
          [
            139.536059,
            40.461461
          ],
          [
            139.539123,
            40.464513
          ],
          [
            139.5396234,
            40.4650756
          ],
          [
            140.327462,
            41.3419889
          ],
          [
            140.882375,
            41.63568
          ],
          [
            141.0639021,
            41.684574
          ],
          [
            141.2229076,
            41.7733766
          ],
          [
            141.4116489,
            42.0071501
          ],
          [
            141.768196,
            42.581059
          ],
          [
            141.8022993,
            42.5951757
          ],
          [
            141.8044753,
            42.596712
          ],
          [
            141.8097192,
            42.6039199
          ],
          [
            141.8163009,
            42.6094862
          ],
          [
            141.8186544,
            42.6097345
          ]
        ]
      }
    },
    {
      "type": "Feature",
      "properties": {
        "osmId": 550415133,
        "name": "太平洋フェリー（仙台―苫小牧）"
      },
      "geometry": {
        "type": "LineString",
        "coordinates": [
          [
            141.0055201,
            38.2735698
          ],
          [
            141.0061419,
            38.2734171
          ],
          [
            141.0064316,
            38.2733655
          ],
          [
            141.0067615,
            38.2734276
          ],
          [
            141.0068182,
            38.2731861
          ],
          [
            141.008234,
            38.272741
          ],
          [
            141.008577,
            38.272591
          ],
          [
            141.009049,
            38.272398
          ],
          [
            141.00965,
            38.272162
          ],
          [
            141.01038,
            38.27184
          ],
          [
            141.011496,
            38.27141
          ],
          [
            141.01289,
            38.27096
          ],
          [
            141.014457,
            38.270552
          ],
          [
            141.015744,
            38.270338
          ],
          [
            141.016774,
            38.27023
          ],
          [
            141.018298,
            38.270059
          ],
          [
            141.019757,
            38.26993
          ],
          [
            141.02171,
            38.269737
          ],
          [
            141.023555,
            38.269501
          ],
          [
            141.025593,
            38.269351
          ],
          [
            141.027911,
            38.269115
          ],
          [
            141.030614,
            38.268986
          ],
          [
            141.03334,
            38.268707
          ],
          [
            141.035657,
            38.2686
          ],
          [
            141.038275,
            38.268321
          ],
          [
            141.041236,
            38.268085
          ],
          [
            141.043339,
            38.267913
          ],
          [
            141.04615,
            38.267741
          ],
          [
            141.049433,
            38.267527
          ],
          [
            141.053424,
            38.267226
          ],
          [
            141.055613,
            38.266947
          ],
          [
            141.058295,
            38.266754
          ],
          [
            141.061728,
            38.26654
          ],
          [
            141.065054,
            38.26611
          ],
          [
            141.068487,
            38.26566
          ],
          [
            141.071556,
            38.265252
          ],
          [
            141.074753,
            38.264694
          ],
          [
            141.077628,
            38.264158
          ],
          [
            141.080847,
            38.263106
          ],
          [
            141.083593,
            38.261905
          ],
          [
            141.086533,
            38.260231
          ],
          [
            141.091104,
            38.257377
          ],
          [
            141.094902,
            38.254952
          ],
          [
            141.095867,
            38.254159
          ],
          [
            141.097112,
            38.253193
          ],
          [
            141.101189,
            38.250425
          ],
          [
            141.105051,
            38.248043
          ],
          [
            141.107755,
            38.246584
          ],
          [
            141.110265,
            38.245404
          ],
          [
            141.113269,
            38.243794
          ],
          [
            141.116145,
            38.242335
          ],
          [
            141.119192,
            38.241198
          ],
          [
            141.121659,
            38.240447
          ],
          [
            141.125157,
            38.239417
          ],
          [
            141.128697,
            38.238366
          ],
          [
            141.132367,
            38.237228
          ],
          [
            141.135821,
            38.236306
          ],
          [
            141.138997,
            38.235598
          ],
          [
            141.14243,
            38.234825
          ],
          [
            141.145113,
            38.234181
          ],
          [
            141.148653,
            38.233237
          ],
          [
            141.152623,
            38.232379
          ],
          [
            141.156592,
            38.231478
          ],
          [
            141.161034,
            38.230298
          ],
          [
            141.164489,
            38.229482
          ],
          [
            141.167965,
            38.228624
          ],
          [
            141.171463,
            38.22783
          ],
          [
            141.175733,
            38.22665
          ],
          [
            141.281326,
            38.200943
          ],
          [
            141.284266,
            38.200171
          ],
          [
            141.288042,
            38.199012
          ],
          [
            141.291668,
            38.19824
          ],
          [
            141.295724,
            38.197918
          ],
          [
            141.301475,
            38.197875
          ],
          [
            141.306238,
            38.198004
          ],
          [
            141.309307,
            38.198218
          ],
          [
            141.313469,
            38.198712
          ],
          [
            141.316238,
            38.199141
          ],
          [
            141.319671,
            38.199592
          ],
          [
            141.323125,
            38.199999
          ],
          [
            141.326945,
            38.200579
          ],
          [
            141.384301,
            38.209355
          ],
          [
            141.387413,
            38.209827
          ],
          [
            141.389902,
            38.210149
          ],
          [
            141.393313,
            38.210599
          ],
          [
            141.396382,
            38.210814
          ],
          [
            141.400502,
            38.2112
          ],
          [
            141.405823,
            38.211157
          ],
          [
            141.410694,
            38.210814
          ],
          [
            141.413934,
            38.210514
          ],
          [
            141.419964,
            38.210127
          ],
          [
            141.423762,
            38.209891
          ],
          [
            141.488028,
            38.207274
          ],
          [
            141.492148,
            38.20708
          ],
          [
            141.496697,
            38.206909
          ],
          [
            141.500495,
            38.20678
          ],
          [
            141.502898,
            38.206565
          ],
          [
            141.503177,
            38.206565
          ],
          [
            141.5145101,
            38.2072439
          ],
          [
            141.5236967,
            38.2081188
          ],
          [
            141.5873071,
            38.2224452
          ],
          [
            141.5980249,
            38.226163
          ],
          [
            141.604393,
            38.22916
          ],
          [
            141.608319,
            38.23092
          ],
          [
            141.612589,
            38.233023
          ],
          [
            141.61613,
            38.235018
          ],
          [
            141.619091,
            38.236628
          ],
          [
            141.623168,
            38.239567
          ],
          [
            141.625786,
            38.241692
          ],
          [
            141.6311694,
            38.2467845
          ],
          [
            141.9389559,
            39.0340065
          ],
          [
            142.1050348,
            39.5244428
          ],
          [
            141.764896,
            41.75369
          ],
          [
            141.763973,
            41.759505
          ],
          [
            141.763587,
            41.76178
          ],
          [
            141.763372,
            41.763175
          ],
          [
            141.763051,
            41.764956
          ],
          [
            141.762343,
            41.768603
          ],
          [
            141.762149,
            41.769805
          ],
          [
            141.762021,
            41.770492
          ],
          [
            141.761656,
            41.772573
          ],
          [
            141.76127,
            41.77459
          ],
          [
            141.761034,
            41.775877
          ],
          [
            141.76054,
            41.77989
          ],
          [
            141.759467,
            41.785619
          ],
          [
            141.759145,
            41.787529
          ],
          [
            141.758802,
            41.789417
          ],
          [
            141.758308,
            41.792228
          ],
          [
            141.757793,
            41.79491
          ],
          [
            141.757343,
            41.797164
          ],
          [
            141.756871,
            41.799867
          ],
          [
            141.756377,
            41.802163
          ],
          [
            141.755776,
            41.80521
          ],
          [
            141.755347,
            41.807678
          ],
          [
            141.754768,
            41.810167
          ],
          [
            141.754339,
            41.813192
          ],
          [
            141.753931,
            41.815531
          ],
          [
            141.743031,
            41.868038
          ],
          [
            141.742387,
            41.870849
          ],
          [
            141.741829,
            41.873424
          ],
          [
            141.741314,
            41.876042
          ],
          [
            141.740756,
            41.878552
          ],
          [
            141.740134,
            41.881449
          ],
          [
            141.739619,
            41.883659
          ],
          [
            141.739018,
            41.88647
          ],
          [
            141.738396,
            41.88941
          ],
          [
            141.737859,
            41.892478
          ],
          [
            141.737409,
            41.894989
          ],
          [
            141.736894,
            41.898015
          ],
          [
            141.708398,
            42.050858
          ],
          [
            141.707711,
            42.053969
          ],
          [
            141.707196,
            42.056694
          ],
          [
            141.706574,
            42.060063
          ],
          [
            141.705201,
            42.066951
          ],
          [
            141.691897,
            42.13686
          ],
          [
            141.691232,
            42.140658
          ],
          [
            141.690652,
            42.143598
          ],
          [
            141.690095,
            42.146645
          ],
          [
            141.686318,
            42.168188
          ],
          [
            141.684365,
            42.17941
          ],
          [
            141.684129,
            42.181771
          ],
          [
            141.683893,
            42.184045
          ],
          [
            141.683636,
            42.18662
          ],
          [
            141.683056,
            42.189517
          ],
          [
            141.68267,
            42.19192
          ],
          [
            141.681297,
            42.198808
          ],
          [
            141.681104,
            42.20016
          ],
          [
            141.677327,
            42.223849
          ],
          [
            141.676941,
            42.226682
          ],
          [
            141.671705,
            42.264576
          ],
          [
            141.610584,
            42.6007476
          ],
          [
            141.6155865,
            42.6122879
          ],
          [
            141.6272604,
            42.6278545
          ],
          [
            141.6354875,
            42.637456
          ],
          [
            141.6364583,
            42.6377671
          ]
        ]
      }
    },
    {
      "type": "Feature",
      "properties": {
        "osmId": 550415138,
        "name": "阪九フェリー （泉大津－新門司）"
      },
      "geometry": {
        "type": "LineString",
        "coordinates": [
          [
            135.3961784,
            34.5179044
          ],
          [
            135.395873,
            34.517477
          ],
          [
            135.395572,
            34.517133
          ],
          [
            135.3948,
            34.516833
          ],
          [
            135.393963,
            34.516661
          ],
          [
            135.392869,
            34.516726
          ],
          [
            135.391924,
            34.517133
          ],
          [
            135.390616,
            34.518163
          ],
          [
            135.389071,
            34.519665
          ],
          [
            135.387654,
            34.521511
          ],
          [
            135.38465,
            34.526789
          ],
          [
            135.381475,
            34.533205
          ],
          [
            135.379908,
            34.536166
          ],
          [
            135.37832,
            34.538076
          ],
          [
            135.376325,
            34.539728
          ],
          [
            135.37287,
            34.542153
          ],
          [
            135.369759,
            34.544213
          ],
          [
            135.367527,
            34.545178
          ],
          [
            135.36418,
            34.546444
          ],
          [
            135.361197,
            34.547453
          ],
          [
            135.357764,
            34.54844
          ],
          [
            135.0763051,
            34.5891576
          ],
          [
            135.0709087,
            34.5901693
          ],
          [
            135.008768,
            34.6251894
          ],
          [
            134.9943956,
            34.6268039
          ],
          [
            134.9804123,
            34.62464
          ],
          [
            134.9042444,
            34.5909891
          ],
          [
            134.3507125,
            34.4059458
          ],
          [
            134.3421743,
            34.4043668
          ],
          [
            134.2298616,
            34.4015093
          ],
          [
            134.2275524,
            34.4017498
          ],
          [
            134.2249344,
            34.402384
          ],
          [
            134.1319954,
            34.4305784
          ],
          [
            134.0631179,
            34.4424313
          ],
          [
            134.0596507,
            34.442434
          ],
          [
            134.0566176,
            34.4418249
          ],
          [
            134.0154033,
            34.4285492
          ],
          [
            133.9213819,
            34.4070325
          ],
          [
            133.8378936,
            34.3799979
          ],
          [
            133.8350849,
            34.3793696
          ],
          [
            133.8316097,
            34.3790648
          ],
          [
            133.8029935,
            34.3781021
          ],
          [
            133.6571127,
            34.3298995
          ],
          [
            133.5401393,
            34.2883484
          ],
          [
            133.253392,
            34.2085224
          ],
          [
            133.0410618,
            34.092493
          ],
          [
            133.0364681,
            34.0909057
          ],
          [
            133.0310256,
            34.0902353
          ],
          [
            133.0246329,
            34.0906787
          ],
          [
            133.0191087,
            34.0921778
          ],
          [
            133.0140013,
            34.0956012
          ],
          [
            133.0008647,
            34.1082439
          ],
          [
            132.9994978,
            34.1104981
          ],
          [
            132.9988179,
            34.1131583
          ],
          [
            132.9986024,
            34.1152506
          ],
          [
            132.99776,
            34.1291704
          ],
          [
            132.997191,
            34.1315177
          ],
          [
            132.9960689,
            34.133276
          ],
          [
            132.9939483,
            34.135296
          ],
          [
            132.9494341,
            34.1596911
          ],
          [
            132.9461543,
            34.1613496
          ],
          [
            132.9421669,
            34.1621893
          ],
          [
            132.9384303,
            34.1622206
          ],
          [
            132.9165264,
            34.1620795
          ],
          [
            132.9104803,
            34.1614727
          ],
          [
            132.904335,
            34.1593639
          ],
          [
            132.8995133,
            34.1561622
          ],
          [
            132.7065895,
            33.958068
          ],
          [
            132.7038494,
            33.9556954
          ],
          [
            132.6996985,
            33.9527941
          ],
          [
            132.6272714,
            33.9088773
          ],
          [
            132.6227949,
            33.9057939
          ],
          [
            132.5451682,
            33.8316194
          ],
          [
            132.5405645,
            33.828628
          ],
          [
            132.4040132,
            33.7611456
          ],
          [
            132.1341416,
            33.6981697
          ],
          [
            132.1251371,
            33.6983595
          ],
          [
            131.1976415,
            33.8657942
          ],
          [
            131.0392718,
            33.8915427
          ],
          [
            131.0362826,
            33.8914181
          ],
          [
            131.0339711,
            33.8907871
          ],
          [
            131.0027622,
            33.8725269
          ],
          [
            131.0012141,
            33.8720944
          ],
          [
            130.99953,
            33.8720282
          ],
          [
            130.9973505,
            33.8720212
          ],
          [
            130.9956761,
            33.8722068
          ],
          [
            130.994604,
            33.8724576
          ],
          [
            130.9938311,
            33.8728475
          ],
          [
            130.9930371,
            33.8733008
          ],
          [
            130.9923291,
            33.8738006
          ],
          [
            130.9917071,
            33.8744388
          ],
          [
            130.9912655,
            33.8754236
          ],
          [
            130.9910524,
            33.8766867
          ],
          [
            130.9902155,
            33.8825921
          ],
          [
            130.9899819,
            33.8830418
          ],
          [
            130.9900331,
            33.8831488
          ],
          [
            130.9899934,
            33.8831933
          ],
          [
            130.9902141,
            33.8837927
          ]
        ]
      }
    },
    {
      "type": "Feature",
      "properties": {
        "osmId": 553228635,
        "name": "シルバーフェリー（八戸－苫小牧）"
      },
      "geometry": {
        "type": "LineString",
        "coordinates": [
          [
            141.5069649,
            40.54875
          ],
          [
            141.5069519,
            40.5489566
          ],
          [
            141.5075164,
            40.5494585
          ],
          [
            141.5133475,
            40.5528742
          ],
          [
            141.5162658,
            40.5539176
          ],
          [
            141.5241622,
            40.5538524
          ],
          [
            141.5277671,
            40.5549611
          ],
          [
            141.5301704,
            40.5576347
          ],
          [
            141.5318011,
            40.5631121
          ],
          [
            141.6094588,
            42.6008533
          ],
          [
            141.6147493,
            42.6125412
          ],
          [
            141.6263738,
            42.6281824
          ],
          [
            141.6377102,
            42.6381302
          ],
          [
            141.6385236,
            42.6384241
          ]
        ]
      }
    },
    {
      "type": "Feature",
      "properties": {
        "osmId": 645295536,
        "name": "新日本海フェリー 秋田－苫小牧東"
      },
      "geometry": {
        "type": "LineString",
        "coordinates": [
          [
            140.0586267,
            39.75502
          ],
          [
            140.0580418,
            39.7548794
          ],
          [
            140.0539702,
            39.7569765
          ],
          [
            140.0528196,
            39.7578425
          ],
          [
            140.0514758,
            39.7587601
          ],
          [
            140.0494615,
            39.7593848
          ],
          [
            140.0401649,
            39.7614467
          ],
          [
            140.036375,
            39.7629044
          ],
          [
            140.0326735,
            39.7647229
          ],
          [
            140.0297821,
            39.7662919
          ],
          [
            140.0239778,
            39.7697348
          ],
          [
            140.0222343,
            39.771044
          ],
          [
            140.0190693,
            39.773726
          ],
          [
            140.0117818,
            39.7821198
          ],
          [
            140.0096467,
            39.7840491
          ],
          [
            140.0077987,
            39.7853353
          ],
          [
            140.0064522,
            39.7860917
          ],
          [
            140.0014124,
            39.7878849
          ],
          [
            139.996988,
            39.7891985
          ],
          [
            139.9905936,
            39.7911111
          ],
          [
            139.9875681,
            39.7916387
          ],
          [
            139.9841134,
            39.7920673
          ],
          [
            139.7539369,
            39.8179315
          ],
          [
            139.736009,
            39.8221422
          ],
          [
            139.6822899,
            39.8551277
          ],
          [
            139.6723439,
            39.8614365
          ],
          [
            139.6411769,
            39.9049221
          ],
          [
            139.6331731,
            39.9392908
          ],
          [
            139.6324866,
            39.9802115
          ],
          [
            139.841354,
            40.80254
          ],
          [
            140.3276581,
            41.3418734
          ],
          [
            140.883046,
            41.6349831
          ],
          [
            141.0644706,
            41.6837983
          ],
          [
            141.2234934,
            41.7729165
          ],
          [
            141.4123744,
            42.006762
          ],
          [
            141.7683871,
            42.580957
          ],
          [
            141.8024563,
            42.5950433
          ],
          [
            141.8046517,
            42.5966435
          ],
          [
            141.8099304,
            42.6038407
          ],
          [
            141.8164111,
            42.6093511
          ],
          [
            141.8186544,
            42.6097345
          ]
        ]
      }
    },
    {
      "type": "Feature",
      "properties": {
        "osmId": 670675784,
        "name": "青函フェリー"
      },
      "geometry": {
        "type": "LineString",
        "coordinates": [
          [
            140.7171763,
            40.844382
          ],
          [
            140.7195288,
            40.8456544
          ],
          [
            140.7226187,
            40.8473588
          ],
          [
            140.7240349,
            40.8489981
          ],
          [
            140.7251078,
            40.8514977
          ],
          [
            140.7264167,
            40.8528611
          ],
          [
            140.7290774,
            40.8545328
          ],
          [
            140.7420593,
            40.8606837
          ],
          [
            140.7551056,
            40.8687163
          ],
          [
            140.7590967,
            40.8761476
          ],
          [
            140.7606631,
            40.8832374
          ],
          [
            140.7614141,
            40.9444184
          ],
          [
            140.7597404,
            40.9800177
          ],
          [
            140.7543546,
            41.0151768
          ],
          [
            140.7441836,
            41.0812659
          ],
          [
            140.7386476,
            41.1920151
          ],
          [
            140.7349568,
            41.2503284
          ],
          [
            140.730794,
            41.3103626
          ],
          [
            140.7288629,
            41.3822246
          ],
          [
            140.7213098,
            41.4621925
          ],
          [
            140.7142502,
            41.5697763
          ],
          [
            140.7122975,
            41.5804189
          ],
          [
            140.6986719,
            41.6393629
          ],
          [
            140.6828147,
            41.7013451
          ],
          [
            140.6767422,
            41.7208875
          ],
          [
            140.6727296,
            41.7398635
          ],
          [
            140.6725579,
            41.7548803
          ],
          [
            140.6794244,
            41.7733502
          ],
          [
            140.6826475,
            41.7796233
          ],
          [
            140.6863045,
            41.787393
          ],
          [
            140.6912154,
            41.7955103
          ],
          [
            140.692932,
            41.7962941
          ],
          [
            140.6975025,
            41.7968301
          ],
          [
            140.6995439,
            41.7968959
          ],
          [
            140.7002735,
            41.7967999
          ],
          [
            140.7020872,
            41.7964381
          ],
          [
            140.704418,
            41.7960714
          ],
          [
            140.7068587,
            41.7956388
          ],
          [
            140.7101632,
            41.7948869
          ],
          [
            140.7131673,
            41.794071
          ],
          [
            140.7161338,
            41.794019
          ],
          [
            140.7166243,
            41.7940604
          ],
          [
            140.7170856,
            41.7941244
          ],
          [
            140.7187225,
            41.7947641
          ]
        ]
      }
    },
    {
      "type": "Feature",
      "properties": {
        "osmId": 670676201,
        "name": "津軽海峡ロード"
      },
      "geometry": {
        "type": "LineString",
        "coordinates": [
          [
            140.7160103,
            40.8456174
          ],
          [
            140.7164329,
            40.845836
          ],
          [
            140.719264,
            40.846632
          ],
          [
            140.720851,
            40.847232
          ],
          [
            140.7219639,
            40.8476825
          ],
          [
            140.7233231,
            40.8492558
          ],
          [
            140.7244021,
            40.8517695
          ],
          [
            140.7258414,
            40.8532688
          ],
          [
            140.7286178,
            40.8550132
          ],
          [
            140.741603,
            40.8611656
          ],
          [
            140.7544563,
            40.8690793
          ],
          [
            140.7583394,
            40.8763095
          ],
          [
            140.7598815,
            40.8832892
          ],
          [
            140.7606318,
            40.9444107
          ],
          [
            140.7589598,
            40.9799732
          ],
          [
            140.7535776,
            41.0151088
          ],
          [
            140.7434031,
            41.0812208
          ],
          [
            140.7378661,
            41.19199
          ],
          [
            140.7341756,
            41.2502991
          ],
          [
            140.7300122,
            41.3103414
          ],
          [
            140.7280813,
            41.3821979
          ],
          [
            140.720529,
            41.4621574
          ],
          [
            140.7134706,
            41.569722
          ],
          [
            140.7115244,
            41.5803293
          ],
          [
            140.6979023,
            41.6392582
          ],
          [
            140.6820493,
            41.7012243
          ],
          [
            140.6759739,
            41.7207759
          ],
          [
            140.6719479,
            41.7398153
          ],
          [
            140.6717748,
            41.7549573
          ],
          [
            140.6786806,
            41.7735329
          ],
          [
            140.6819095,
            41.7798164
          ],
          [
            140.685574,
            41.7876022
          ],
          [
            140.6905804,
            41.7957411
          ],
          [
            140.6926124,
            41.796669
          ],
          [
            140.6973758,
            41.7972421
          ],
          [
            140.6994994,
            41.7973105
          ],
          [
            140.7011425,
            41.7976878
          ],
          [
            140.7032347,
            41.7985436
          ],
          [
            140.7097896,
            41.8053322
          ],
          [
            140.7102573,
            41.8059772
          ],
          [
            140.7112903,
            41.8072686
          ]
        ]
      }
    },
    {
      "type": "Feature",
      "properties": {
        "osmId": 1000787992,
        "name": "宮島松大汽船自動車航送便"
      },
      "geometry": {
        "type": "LineString",
        "coordinates": [
          [
            132.3225051,
            34.3031274
          ],
          [
            132.3223573,
            34.3033111
          ],
          [
            132.3220643,
            34.3035595
          ],
          [
            132.3215991,
            34.3038942
          ],
          [
            132.3081887,
            34.3115676
          ],
          [
            132.3077222,
            34.3118036
          ],
          [
            132.3069016,
            34.3121008
          ]
        ]
      }
    },
    {
      "type": "Feature",
      "properties": {
        "osmId": 1017810659,
        "name": "東京九州フェリー ( 新門司 - 横須賀 )"
      },
      "geometry": {
        "type": "LineString",
        "coordinates": [
          [
            130.9939927,
            33.8761856
          ],
          [
            130.9939545,
            33.8758828
          ],
          [
            130.994016,
            33.8754485
          ],
          [
            130.9939894,
            33.8753683
          ],
          [
            130.9940212,
            33.8752814
          ],
          [
            130.9934556,
            33.8743172
          ],
          [
            130.9933913,
            33.873667
          ],
          [
            130.9934771,
            33.8728742
          ],
          [
            130.9940779,
            33.8720546
          ],
          [
            130.9953761,
            33.8713687
          ],
          [
            130.9974146,
            33.8709055
          ],
          [
            130.9996462,
            33.8707719
          ],
          [
            131.0013908,
            33.8709514
          ],
          [
            131.0033858,
            33.8714881
          ],
          [
            131.0343937,
            33.8894762
          ],
          [
            131.0364938,
            33.8898759
          ],
          [
            131.0392438,
            33.8897805
          ],
          [
            131.1971097,
            33.863583
          ],
          [
            131.6744341,
            33.7771099
          ],
          [
            131.6788244,
            33.7756897
          ],
          [
            131.7304096,
            33.7491773
          ],
          [
            131.7552339,
            33.7216394
          ],
          [
            131.9932536,
            33.3269944
          ],
          [
            132.1417367,
            33.1423961
          ],
          [
            132.47689,
            32.7014336
          ],
          [
            132.4806789,
            32.6985245
          ],
          [
            132.5083687,
            32.6854752
          ],
          [
            132.5108042,
            32.6845701
          ],
          [
            132.5130578,
            32.684117
          ],
          [
            132.5172167,
            32.6835705
          ],
          [
            132.6201358,
            32.6693927
          ],
          [
            132.6221187,
            32.669222
          ],
          [
            132.6244968,
            32.6692784
          ],
          [
            133.032231,
            32.6986173
          ],
          [
            133.0357826,
            32.6992977
          ],
          [
            136.1192422,
            33.4699523
          ],
          [
            138.9258832,
            34.4670232
          ],
          [
            139.7190907,
            35.1349171
          ],
          [
            139.7685012,
            35.2513692
          ],
          [
            139.7674304,
            35.2594712
          ],
          [
            139.746166,
            35.2881911
          ],
          [
            139.7407818,
            35.2921692
          ],
          [
            139.7265801,
            35.295847
          ],
          [
            139.713555,
            35.2969568
          ],
          [
            139.7016262,
            35.2945773
          ],
          [
            139.6953367,
            35.2918022
          ],
          [
            139.6836384,
            35.2849635
          ],
          [
            139.6809245,
            35.2836135
          ],
          [
            139.6787282,
            35.2838254
          ]
        ]
      }
    },
    {
      "type": "Feature",
      "properties": {
        "osmId": 1141572799,
        "name": "オレンジフェリー 関西航路（新居浜 ～ 神戸）"
      },
      "geometry": {
        "type": "LineString",
        "coordinates": [
          [
            133.3327011,
            33.9868319
          ],
          [
            133.3332096,
            33.9882222
          ],
          [
            133.3339939,
            33.9905993
          ],
          [
            133.3341563,
            33.9915335
          ],
          [
            133.3367713,
            33.9993588
          ],
          [
            133.3410932,
            34.0094603
          ],
          [
            133.4024865,
            34.1237307
          ],
          [
            133.4221623,
            34.1597351
          ],
          [
            133.4261301,
            34.1650917
          ],
          [
            133.5485726,
            34.2881785
          ],
          [
            133.5501955,
            34.2892888
          ],
          [
            133.5521468,
            34.290346
          ],
          [
            133.6580265,
            34.3283201
          ],
          [
            133.6813709,
            34.3355269
          ],
          [
            133.8031968,
            34.3761813
          ],
          [
            133.8041982,
            34.3763141
          ],
          [
            133.8315426,
            34.3771909
          ],
          [
            133.8356336,
            34.3775095
          ],
          [
            133.8387154,
            34.378234
          ],
          [
            133.9219922,
            34.4054349
          ],
          [
            134.0160534,
            34.4269036
          ],
          [
            134.0570074,
            34.4400543
          ],
          [
            134.0599865,
            34.4406451
          ],
          [
            134.063143,
            34.4407291
          ],
          [
            134.1309605,
            34.4290285
          ],
          [
            134.2242902,
            34.4007622
          ],
          [
            134.2282912,
            34.3996705
          ],
          [
            134.2296273,
            34.3994559
          ],
          [
            134.2312681,
            34.3993059
          ],
          [
            134.3425959,
            34.4020876
          ],
          [
            134.3519953,
            34.4039509
          ],
          [
            134.9054205,
            34.5884009
          ],
          [
            134.982115,
            34.6222772
          ],
          [
            134.9948072,
            34.6246463
          ],
          [
            135.0082647,
            34.6229335
          ],
          [
            135.0698447,
            34.5883044
          ],
          [
            135.0762188,
            34.5871489
          ],
          [
            135.1121911,
            34.5879461
          ],
          [
            135.2275403,
            34.5934755
          ],
          [
            135.2302408,
            34.5939857
          ],
          [
            135.2342575,
            34.5954535
          ],
          [
            135.2398015,
            34.5991996
          ],
          [
            135.2414193,
            34.6004264
          ],
          [
            135.2974802,
            34.6445216
          ],
          [
            135.3002042,
            34.6476572
          ],
          [
            135.3016332,
            34.650339
          ],
          [
            135.3022779,
            34.6538581
          ],
          [
            135.303135,
            34.6741615
          ],
          [
            135.3027909,
            34.6769319
          ],
          [
            135.2996812,
            34.6940728
          ],
          [
            135.299254,
            34.6955999
          ],
          [
            135.2984322,
            34.6970427
          ],
          [
            135.2974737,
            34.6978748
          ],
          [
            135.2960488,
            34.6984097
          ],
          [
            135.2942444,
            34.6984833
          ],
          [
            135.2930207,
            34.6984459
          ],
          [
            135.285915,
            34.6967377
          ],
          [
            135.2857767,
            34.6968528
          ]
        ]
      }
    },
    {
      "type": "Feature",
      "properties": {
        "osmId": 1141572801,
        "name": "オレンジフェリー 関西航路（東予 ～ 大阪）"
      },
      "geometry": {
        "type": "LineString",
        "coordinates": [
          [
            133.117891,
            33.9289028
          ],
          [
            133.1180163,
            33.929068
          ],
          [
            133.117851,
            33.9293249
          ],
          [
            133.1179431,
            33.9297059
          ],
          [
            133.1173575,
            33.9307336
          ],
          [
            133.1172919,
            33.9312842
          ],
          [
            133.1173428,
            33.9318535
          ],
          [
            133.1176579,
            33.9330703
          ],
          [
            133.1181286,
            33.9342796
          ],
          [
            133.1184254,
            33.9360723
          ],
          [
            133.1190196,
            33.9375351
          ],
          [
            133.1335357,
            33.9575106
          ],
          [
            133.139573,
            33.9650383
          ],
          [
            133.1435086,
            33.968801
          ],
          [
            133.1533909,
            33.9774535
          ],
          [
            133.1608034,
            33.9843023
          ],
          [
            133.3205605,
            34.1055539
          ],
          [
            133.3755887,
            34.1453162
          ],
          [
            133.4016939,
            34.1644495
          ],
          [
            133.547724,
            34.2884581
          ],
          [
            133.5496066,
            34.2898186
          ],
          [
            133.5517189,
            34.290911
          ],
          [
            133.6577824,
            34.3289339
          ],
          [
            133.6723372,
            34.3336066
          ],
          [
            133.6884254,
            34.3388832
          ],
          [
            133.7215251,
            34.3498434
          ],
          [
            133.7608105,
            34.3626125
          ],
          [
            133.8021344,
            34.3764569
          ],
          [
            133.8028854,
            34.3767226
          ],
          [
            133.8038152,
            34.3768554
          ],
          [
            133.8315868,
            34.3777645
          ],
          [
            133.8356083,
            34.3781098
          ],
          [
            133.838488,
            34.3787464
          ],
          [
            133.9217496,
            34.4060279
          ],
          [
            134.0158951,
            34.4274779
          ],
          [
            134.0569016,
            34.4406549
          ],
          [
            134.0598333,
            34.4412441
          ],
          [
            134.063157,
            34.4413151
          ],
          [
            134.1313518,
            34.4295344
          ],
          [
            134.2245275,
            34.4013381
          ],
          [
            134.2255142,
            34.4010348
          ],
          [
            134.228339,
            34.4002589
          ],
          [
            134.2297702,
            34.400021
          ],
          [
            134.2314123,
            34.3998767
          ],
          [
            134.3424695,
            34.402739
          ],
          [
            134.351646,
            34.404529
          ],
          [
            134.9051907,
            34.5891814
          ],
          [
            134.9816267,
            34.6229566
          ],
          [
            134.9946908,
            34.6252344
          ],
          [
            135.0084523,
            34.6235364
          ],
          [
            135.0701155,
            34.5887884
          ],
          [
            135.0762208,
            34.5876212
          ],
          [
            135.1122226,
            34.588696
          ],
          [
            135.2272313,
            34.5942468
          ],
          [
            135.3134978,
            34.5998004
          ],
          [
            135.3251552,
            34.6030725
          ],
          [
            135.3837069,
            34.6304253
          ],
          [
            135.3856445,
            34.6309177
          ],
          [
            135.3880871,
            34.6306888
          ],
          [
            135.396384,
            34.6268861
          ],
          [
            135.4219436,
            34.6205706
          ],
          [
            135.4259133,
            34.6201065
          ],
          [
            135.4300822,
            34.6199027
          ],
          [
            135.4305823,
            34.6199029
          ],
          [
            135.4308431,
            34.6197277
          ],
          [
            135.4310212,
            34.6196887
          ],
          [
            135.4311832,
            34.6197068
          ],
          [
            135.431285,
            34.6197479
          ],
          [
            135.4314654,
            34.6196043
          ]
        ]
      }
    },
    {
      "type": "Feature",
      "properties": {
        "osmId": 1354194097,
        "name": "宮崎カーフェリー (神戸－宮崎)"
      },
      "geometry": {
        "type": "LineString",
        "coordinates": [
          [
            131.458531,
            31.9109465
          ],
          [
            131.4586633,
            31.9112315
          ],
          [
            131.4587849,
            31.9115426
          ],
          [
            131.458831,
            31.9116299
          ],
          [
            131.4588651,
            31.9117308
          ],
          [
            131.4592025,
            31.9121308
          ],
          [
            131.4595485,
            31.9124541
          ],
          [
            131.4620805,
            31.9145761
          ],
          [
            131.463561,
            31.91525
          ],
          [
            131.4652991,
            31.9155597
          ],
          [
            131.4705992,
            31.9156689
          ],
          [
            131.4725947,
            31.9160696
          ],
          [
            131.4745258,
            31.9168894
          ],
          [
            131.4855766,
            31.9249397
          ],
          [
            131.4870382,
            31.9258728
          ],
          [
            132.2044257,
            32.2459227
          ],
          [
            132.9001621,
            32.5542067
          ],
          [
            133.6547876,
            32.8873915
          ],
          [
            134.231101,
            33.1410387
          ],
          [
            134.2570489,
            33.1588231
          ],
          [
            134.5654518,
            33.4942153
          ],
          [
            134.8764031,
            33.8310686
          ],
          [
            134.8970025,
            33.8715564
          ],
          [
            134.9797882,
            34.2678502
          ],
          [
            134.982096,
            34.2963659
          ],
          [
            134.9823826,
            34.2980335
          ],
          [
            134.9828762,
            34.2998732
          ],
          [
            135.0089751,
            34.3553083
          ],
          [
            135.181108,
            34.6329603
          ],
          [
            135.1823903,
            34.6356386
          ],
          [
            135.1891396,
            34.6527594
          ],
          [
            135.1998997,
            34.679576
          ],
          [
            135.1999426,
            34.6800745
          ],
          [
            135.1998997,
            34.680573
          ],
          [
            135.1998246,
            34.680798
          ],
          [
            135.1996449,
            34.6809876
          ],
          [
            135.1994449,
            34.6812127
          ],
          [
            135.1994652,
            34.6815589
          ],
          [
            135.1993518,
            34.6818437
          ]
        ]
      }
    },
    {
      "type": "Feature",
      "properties": {
        "osmId": 1355138061,
        "name": "さんふらわあ (神戸－大分)"
      },
      "geometry": {
        "type": "LineString",
        "coordinates": [
          [
            135.2813933,
            34.6974133
          ],
          [
            135.2817325,
            34.6973061
          ],
          [
            135.282155,
            34.6973719
          ],
          [
            135.282511,
            34.6973202
          ],
          [
            135.2925883,
            34.6997945
          ],
          [
            135.2942705,
            34.6999543
          ],
          [
            135.2965772,
            34.6997249
          ],
          [
            135.2986908,
            34.6990016
          ],
          [
            135.2998924,
            34.6978196
          ],
          [
            135.3008997,
            34.6961497
          ],
          [
            135.301376,
            34.6944238
          ],
          [
            135.3048115,
            34.6771703
          ],
          [
            135.3051935,
            34.674366
          ],
          [
            135.3044013,
            34.6541496
          ],
          [
            135.3035633,
            34.6499086
          ],
          [
            135.3020329,
            34.647016
          ],
          [
            135.2991239,
            34.6437605
          ],
          [
            135.2426453,
            34.5998815
          ],
          [
            135.240578,
            34.5980969
          ],
          [
            135.2344031,
            34.5939701
          ],
          [
            135.2301764,
            34.5919544
          ],
          [
            135.2258613,
            34.5911007
          ],
          [
            135.1121599,
            34.5856687
          ],
          [
            135.0761871,
            34.5856851
          ],
          [
            135.0689381,
            34.5870435
          ],
          [
            135.0075477,
            34.6212984
          ],
          [
            134.9953115,
            34.6227905
          ],
          [
            134.9833978,
            34.6204077
          ],
          [
            134.9063826,
            34.5864202
          ],
          [
            134.3532076,
            34.4022307
          ],
          [
            134.3432146,
            34.4001708
          ],
          [
            134.2313784,
            34.397829
          ],
          [
            134.2293234,
            34.3980045
          ],
          [
            134.2276877,
            34.3982159
          ],
          [
            134.2235095,
            34.3992133
          ],
          [
            134.1299794,
            34.4275362
          ],
          [
            134.0631963,
            34.4390503
          ],
          [
            134.0604236,
            34.4389908
          ],
          [
            134.0575661,
            34.4384242
          ],
          [
            134.0163984,
            34.4251294
          ],
          [
            133.9226241,
            34.4036093
          ],
          [
            133.8462451,
            34.3786133
          ],
          [
            133.8441825,
            34.3777203
          ],
          [
            133.8423419,
            34.3766569
          ],
          [
            133.8167775,
            34.3595943
          ],
          [
            133.8158611,
            34.3590867
          ],
          [
            133.6780064,
            34.2964348
          ],
          [
            133.6743021,
            34.2953296
          ],
          [
            133.6697976,
            34.2948959
          ],
          [
            133.5672584,
            34.2901485
          ],
          [
            133.5649538,
            34.289896
          ],
          [
            133.5627348,
            34.2894658
          ],
          [
            133.2547617,
            34.2065673
          ],
          [
            133.0423039,
            34.0903763
          ],
          [
            133.036926,
            34.0888337
          ],
          [
            133.0312601,
            34.0881461
          ],
          [
            133.023963,
            34.0884927
          ],
          [
            133.0176165,
            34.090312
          ],
          [
            132.9878068,
            34.1086244
          ],
          [
            132.9854786,
            34.1107475
          ],
          [
            132.9845452,
            34.1124264
          ],
          [
            132.984041,
            34.1138743
          ],
          [
            132.9841268,
            34.1162548
          ],
          [
            132.9847024,
            34.118165
          ],
          [
            132.9889548,
            34.1297994
          ],
          [
            132.9891801,
            34.1313979
          ],
          [
            132.9890513,
            34.1327301
          ],
          [
            132.9883218,
            34.1346749
          ],
          [
            132.9861116,
            34.1366108
          ],
          [
            132.9472801,
            34.1577525
          ],
          [
            132.9454172,
            34.1586932
          ],
          [
            132.9431641,
            34.159359
          ],
          [
            132.940439,
            34.1596076
          ],
          [
            132.9164593,
            34.1591042
          ],
          [
            132.9109454,
            34.1584268
          ],
          [
            132.9061067,
            34.1567933
          ],
          [
            132.9019056,
            34.1542552
          ],
          [
            132.7086208,
            33.9564641
          ],
          [
            132.7054024,
            33.9536039
          ],
          [
            132.7011957,
            33.95063
          ],
          [
            132.6294886,
            33.9063652
          ],
          [
            132.6247591,
            33.9030889
          ],
          [
            132.5483641,
            33.8297057
          ],
          [
            132.5434667,
            33.826389
          ],
          [
            131.7441913,
            33.3536223
          ],
          [
            131.5926397,
            33.2655909
          ],
          [
            131.5897104,
            33.2631642
          ],
          [
            131.587758,
            33.260652
          ],
          [
            131.5865779,
            33.2575838
          ],
          [
            131.5862775,
            33.2548743
          ],
          [
            131.5863418,
            33.2529902
          ],
          [
            131.5865108,
            33.2511374
          ],
          [
            131.5868169,
            33.2503046
          ],
          [
            131.5879096,
            33.2483481
          ],
          [
            131.588713,
            33.2464496
          ],
          [
            131.5888028,
            33.2463798
          ],
          [
            131.5888121,
            33.2463014
          ],
          [
            131.5891401,
            33.2460629
          ]
        ]
      }
    },
    {
      "type": "Feature",
      "properties": {
        "osmId": 1355138062,
        "name": "阪九フェリー (神戸－新門司)"
      },
      "geometry": {
        "type": "LineString",
        "coordinates": [
          [
            135.2832069,
            34.6971415
          ],
          [
            135.2834747,
            34.6970149
          ],
          [
            135.2839494,
            34.6970875
          ],
          [
            135.2843678,
            34.6970279
          ],
          [
            135.2927883,
            34.6991311
          ],
          [
            135.2942061,
            34.699231
          ],
          [
            135.2963411,
            34.6990193
          ],
          [
            135.2981007,
            34.6984018
          ],
          [
            135.2991843,
            34.6973962
          ],
          [
            135.3001043,
            34.6958787
          ],
          [
            135.3004941,
            34.6943266
          ],
          [
            135.3038415,
            34.6770405
          ],
          [
            135.3042322,
            34.6742597
          ],
          [
            135.303381,
            34.654026
          ],
          [
            135.3026194,
            34.6500967
          ],
          [
            135.3011659,
            34.6474226
          ],
          [
            135.2983676,
            34.6441505
          ],
          [
            135.2420248,
            34.6001553
          ],
          [
            135.2401542,
            34.5986135
          ],
          [
            135.2342965,
            34.5947093
          ],
          [
            135.2299404,
            34.5928729
          ],
          [
            135.2257868,
            34.5918362
          ],
          [
            135.1122556,
            34.5864569
          ],
          [
            135.0761517,
            34.586183
          ],
          [
            135.0692224,
            34.587441
          ],
          [
            135.007875,
            34.6218811
          ],
          [
            134.9951559,
            34.623382
          ],
          [
            134.9831497,
            34.621108
          ],
          [
            134.9060698,
            34.586976
          ],
          [
            134.3527909,
            34.4027744
          ],
          [
            134.3428927,
            34.4007462
          ],
          [
            134.2313033,
            34.398296
          ],
          [
            134.2293891,
            34.3984707
          ],
          [
            134.2279044,
            34.3986984
          ],
          [
            134.223792,
            34.3997499
          ],
          [
            134.1303773,
            34.4280295
          ],
          [
            134.0632094,
            34.4395921
          ],
          [
            134.0602791,
            34.4395217
          ],
          [
            134.0573552,
            34.4389404
          ],
          [
            134.0162816,
            34.4256993
          ],
          [
            133.9224008,
            34.4042163
          ],
          [
            133.8459334,
            34.3792078
          ],
          [
            133.8438928,
            34.3783224
          ],
          [
            133.8418575,
            34.3771238
          ],
          [
            133.8164569,
            34.3601742
          ],
          [
            133.8154837,
            34.3596403
          ],
          [
            133.6775872,
            34.2968953
          ],
          [
            133.6740339,
            34.2958614
          ],
          [
            133.6698174,
            34.2953914
          ],
          [
            133.5673346,
            34.2907537
          ],
          [
            133.5649216,
            34.2904988
          ],
          [
            133.5626183,
            34.2900469
          ],
          [
            133.2543969,
            34.2070819
          ],
          [
            133.0418426,
            34.0908961
          ],
          [
            133.036858,
            34.0893513
          ],
          [
            133.0312637,
            34.0886601
          ],
          [
            133.0242687,
            34.0890258
          ],
          [
            133.0179907,
            34.0908467
          ],
          [
            132.9882145,
            34.1089798
          ],
          [
            132.98594,
            34.111085
          ],
          [
            132.9850924,
            34.1126218
          ],
          [
            132.9845667,
            34.1140341
          ],
          [
            132.9847276,
            34.1162814
          ],
          [
            132.9853254,
            34.1181601
          ],
          [
            132.9896736,
            34.1296662
          ],
          [
            132.9899955,
            34.1315667
          ],
          [
            132.9898882,
            34.1329787
          ],
          [
            132.9890191,
            34.134968
          ],
          [
            132.9867124,
            34.1370904
          ],
          [
            132.9478751,
            34.1581384
          ],
          [
            132.945857,
            34.1591726
          ],
          [
            132.9433894,
            34.1599538
          ],
          [
            132.940439,
            34.1602823
          ],
          [
            132.9164653,
            34.1598322
          ],
          [
            132.9108059,
            34.1591637
          ],
          [
            132.9056775,
            34.1574148
          ],
          [
            132.9013717,
            34.1547639
          ],
          [
            132.7081609,
            33.9568653
          ],
          [
            132.7050161,
            33.9540844
          ],
          [
            132.7008206,
            33.9511306
          ],
          [
            132.6289201,
            33.9070194
          ],
          [
            132.6242065,
            33.9037701
          ],
          [
            132.5475166,
            33.8302373
          ],
          [
            132.5425708,
            33.8268792
          ],
          [
            132.4048448,
            33.7599009
          ],
          [
            132.1346229,
            33.6966683
          ],
          [
            132.1250474,
            33.6970387
          ],
          [
            131.1973625,
            33.864703
          ],
          [
            131.0392892,
            33.8905812
          ],
          [
            131.03643,
            33.8905501
          ],
          [
            131.0341877,
            33.8900469
          ],
          [
            131.0031009,
            33.8720368
          ],
          [
            131.0012555,
            33.8716627
          ],
          [
            130.9993887,
            33.8715736
          ],
          [
            130.9972322,
            33.871636
          ],
          [
            130.9955907,
            33.8718319
          ],
          [
            130.9943461,
            33.8721259
          ],
          [
            130.9931767,
            33.8726337
          ],
          [
            130.9921253,
            33.8733018
          ],
          [
            130.9914386,
            33.8739966
          ],
          [
            130.9909344,
            33.8749141
          ],
          [
            130.9906769,
            33.8758226
          ],
          [
            130.9905803,
            33.8768381
          ],
          [
            130.9909451,
            33.8805524
          ],
          [
            130.9909451,
            33.8820755
          ],
          [
            130.9907627,
            33.8841776
          ],
          [
            130.9904927,
            33.8848612
          ],
          [
            130.9905535,
            33.8849591
          ],
          [
            130.9905087,
            33.8850394
          ],
          [
            130.9907156,
            33.8856146
          ]
        ]
      }
    },
    {
      "type": "Feature",
      "properties": {
        "osmId": 1355696240,
        "name": "名門大洋フェリー シティライン (大阪－新門司)"
      },
      "geometry": {
        "type": "LineString",
        "coordinates": [
          [
            135.4315945,
            34.6184545
          ],
          [
            135.4313857,
            34.6186011
          ],
          [
            135.4310216,
            34.6186298
          ],
          [
            135.4307194,
            34.6187455
          ],
          [
            135.4299179,
            34.6186916
          ],
          [
            135.4219436,
            34.6201242
          ],
          [
            135.4179115,
            34.6211357
          ],
          [
            135.3962159,
            34.626578
          ],
          [
            135.387944,
            34.6303211
          ],
          [
            135.3857124,
            34.6305242
          ],
          [
            135.3837275,
            34.6300563
          ],
          [
            135.3253305,
            34.6025125
          ],
          [
            135.3134969,
            34.5992342
          ],
          [
            135.2273661,
            34.592779
          ],
          [
            135.1121806,
            34.587205
          ],
          [
            135.076187,
            34.5866498
          ],
          [
            135.0695484,
            34.5878617
          ],
          [
            135.0080788,
            34.6224859
          ],
          [
            134.9949467,
            34.6239912
          ],
          [
            134.9825763,
            34.6216692
          ],
          [
            134.9058317,
            34.5877561
          ],
          [
            134.3524371,
            34.4033435
          ],
          [
            134.3427211,
            34.4013748
          ],
          [
            134.2312818,
            34.398783
          ],
          [
            134.2295468,
            34.3989369
          ],
          [
            134.2280621,
            34.3991862
          ],
          [
            134.2240679,
            34.4002378
          ],
          [
            134.1306612,
            34.4285353
          ],
          [
            134.06317,
            34.4401556
          ],
          [
            134.0601805,
            34.4400634
          ],
          [
            134.0572488,
            34.4394831
          ],
          [
            134.0161891,
            34.4262832
          ],
          [
            133.922184,
            34.4048505
          ],
          [
            133.8456355,
            34.3797916
          ],
          [
            133.8435709,
            34.378898
          ],
          [
            133.8414115,
            34.3776119
          ],
          [
            133.8161996,
            34.3607792
          ],
          [
            133.8151018,
            34.3601884
          ],
          [
            133.6772006,
            34.2974244
          ],
          [
            133.6737655,
            34.2964022
          ],
          [
            133.6698387,
            34.295901
          ],
          [
            133.5673039,
            34.2914399
          ],
          [
            133.5649108,
            34.2911902
          ],
          [
            133.5624433,
            34.2906936
          ],
          [
            133.2540214,
            34.2075877
          ],
          [
            133.0416119,
            34.0914559
          ],
          [
            133.0367582,
            34.0898779
          ],
          [
            133.0312218,
            34.0892047
          ],
          [
            133.0242956,
            34.0895944
          ],
          [
            133.0183895,
            34.0912618
          ],
          [
            132.9885363,
            34.1093884
          ],
          [
            132.9863262,
            34.1114493
          ],
          [
            132.9855966,
            34.1127995
          ],
          [
            132.9851246,
            34.1142029
          ],
          [
            132.9853177,
            34.116317
          ],
          [
            132.9859192,
            34.1181339
          ],
          [
            132.9903602,
            34.129533
          ],
          [
            132.9907465,
            34.1316644
          ],
          [
            132.9905748,
            34.1331563
          ],
          [
            132.9896736,
            34.1352877
          ],
          [
            132.9871845,
            34.1375433
          ],
          [
            132.9482625,
            34.1586135
          ],
          [
            132.9461789,
            34.1596875
          ],
          [
            132.9435825,
            34.160522
          ],
          [
            132.9404926,
            34.1608949
          ],
          [
            132.9165243,
            34.1605977
          ],
          [
            132.910763,
            34.1599627
          ],
          [
            132.9052484,
            34.1580629
          ],
          [
            132.9007218,
            34.1551773
          ],
          [
            132.7076626,
            33.9572669
          ],
          [
            132.704587,
            33.9545472
          ],
          [
            132.7005449,
            33.9516838
          ],
          [
            132.6283519,
            33.9076217
          ],
          [
            132.623713,
            33.904429
          ],
          [
            132.5466928,
            33.8306808
          ],
          [
            132.5418252,
            33.8274095
          ],
          [
            132.4044371,
            33.7605163
          ],
          [
            132.1343386,
            33.697427
          ],
          [
            132.1251118,
            33.6976814
          ],
          [
            131.1974993,
            33.8652531
          ],
          [
            131.0393,
            33.8910622
          ],
          [
            131.0363817,
            33.8909597
          ],
          [
            131.0340536,
            33.8903764
          ],
          [
            131.0029185,
            33.8722818
          ],
          [
            131.0013413,
            33.8717963
          ],
          [
            130.9998618,
            33.871512
          ],
          [
            130.9879839,
            33.8697385
          ],
          [
            130.98719,
            33.8696316
          ],
          [
            130.9866214,
            33.8696495
          ],
          [
            130.9862673,
            33.8697831
          ],
          [
            130.9860635,
            33.8699702
          ],
          [
            130.985924,
            33.8703176
          ],
          [
            130.9859052,
            33.8709077
          ],
          [
            130.9859437,
            33.8711871
          ],
          [
            130.986211,
            33.8714912
          ],
          [
            130.9862455,
            33.8716924
          ],
          [
            130.986511,
            33.8718701
          ]
        ]
      }
    },
    {
      "type": "Feature",
      "properties": {
        "osmId": 1355696269,
        "name": "さんふらわあ (大阪－志布志)"
      },
      "geometry": {
        "type": "LineString",
        "coordinates": [
          [
            135.4088913,
            34.6347365
          ],
          [
            135.4086909,
            34.6344857
          ],
          [
            135.4082944,
            34.634303
          ],
          [
            135.4079935,
            34.6340112
          ],
          [
            135.4075474,
            34.6337606
          ],
          [
            135.4077226,
            34.6331947
          ],
          [
            135.4076958,
            34.63274
          ],
          [
            135.4075134,
            34.6323693
          ],
          [
            135.4014194,
            34.6278934
          ],
          [
            135.3995097,
            34.6272755
          ],
          [
            135.398072,
            34.6272666
          ],
          [
            135.3966558,
            34.6274962
          ],
          [
            135.3883081,
            34.6315152
          ],
          [
            135.3857982,
            34.6317778
          ],
          [
            135.3834915,
            34.6312305
          ],
          [
            135.3819465,
            34.6306037
          ],
          [
            135.0140978,
            34.3589154
          ],
          [
            135.0111149,
            34.3549337
          ],
          [
            134.984855,
            34.2995506
          ],
          [
            134.9844539,
            34.298024
          ],
          [
            134.9841683,
            34.2962434
          ],
          [
            134.9820301,
            34.2678523
          ],
          [
            134.8992988,
            33.8711819
          ],
          [
            134.8781845,
            33.8300702
          ],
          [
            134.2586802,
            33.1574933
          ],
          [
            134.2335318,
            33.1385575
          ],
          [
            133.2264084,
            32.5111719
          ],
          [
            131.3578604,
            31.3461605
          ],
          [
            131.3475608,
            31.3398195
          ],
          [
            131.3389777,
            31.3368138
          ],
          [
            131.3343,
            31.3358791
          ],
          [
            131.3297938,
            31.3355309
          ],
          [
            131.3245153,
            31.3360074
          ],
          [
            131.3200733,
            31.3367591
          ],
          [
            131.0883026,
            31.4236377
          ],
          [
            131.0862063,
            31.425221
          ],
          [
            131.0850262,
            31.4267955
          ],
          [
            131.0840606,
            31.4286265
          ],
          [
            131.08361,
            31.4309152
          ],
          [
            131.0836315,
            31.4332404
          ],
          [
            131.084597,
            31.4361515
          ],
          [
            131.0869789,
            31.4398314
          ],
          [
            131.094017,
            31.4475934
          ],
          [
            131.1012375,
            31.4561144
          ],
          [
            131.1015379,
            31.4570753
          ],
          [
            131.1015916,
            31.4578807
          ],
          [
            131.1012268,
            31.4590339
          ],
          [
            131.1004436,
            31.4599216
          ],
          [
            131.0992661,
            31.4605668
          ],
          [
            131.0989536,
            31.4606491
          ],
          [
            131.0989335,
            31.4609031
          ],
          [
            131.0988362,
            31.4609835
          ],
          [
            131.0986385,
            31.4616695
          ],
          [
            131.0984163,
            31.4620971
          ]
        ]
      }
    }
  ]
}
